read_name,position,observation,phred
chr1:1000000-2000000_6728_6400_1_0_0_0_3:24:0_1:27:0_1774,6815,A,20
chr1:1000000-2000000_6730_7138_0_1_0_0_0:23:0_2:33:1_4890,6815,A,20
chr1:1000000-2000000_7107_6730_1_0_0_0_4:30:0_1:23:0_187e5,6815,A,15
chr1:1000000-2000000_6667_7073_0_1_0_0_2:30:0_6:29:0_8674,6815,A,18
chr1:1000000-2000000_6721_7025_0_1_0_0_1:24:0_5:24:0_10955,6815,A,19
chr1:1000000-2000000_6968_6686_1_0_0_0_3:17:0_2:26:0_138d5,6815,A,14
chr1:1000000-2000000_7143_6735_1_0_0_0_3:34:1_6:25:0_100da,6815,A,16
chr1:1000000-2000000_7103_6749_1_0_0_0_3:36:0_4:28:0_3bf2,6815,A,17
chr1:1000000-2000000_6745_7037_0_1_0_0_3:27:0_2:32:0_79c2,6815,A,20
chr1:1000000-2000000_7109_6729_1_0_0_0_2:35:0_2:26:0_b429,6815,A,17
chr1:1000000-2000000_6735_6421_1_0_0_0_2:27:0_0:28:0_635c,6815,A,20
chr1:1000000-2000000_6422_6771_0_1_0_0_2:28:0_3:30:0_d677,6815,A,14
chr1:1000000-2000000_6693_6384_1_0_0_0_2:28:0_5:29:0_f0bc,6815,A,25
chr1:1000000-2000000_6433_6709_0_1_0_0_4:29:0_1:27:0_1065e,6815,A,18
chr1:1000000-2000000_6777_7155_0_1_0_0_5:26:0_7:30:1_70d,6815,T,21
chr1:1000000-2000000_6677_7020_0_1_0_0_2:27:0_0:21:0_2643,6815,A,21
chr1:1000000-2000000_7090_6759_1_0_0_0_2:32:0_0:27:0_6628,6815,A,19
chr1:1000000-2000000_6766_7194_0_1_0_0_1:27:0_4:32:1_7035,6815,A,22
chr1:1000000-2000000_7068_6724_1_0_0_0_0:28:0_2:24:0_8a2d,6815,A,17
chr1:1000000-2000000_7023_6732_1_0_0_0_4:22:0_6:23:0_13f22,6815,A,17
chr1:1000000-2000000_6775_7075_0_1_0_0_2:27:0_6:29:0_1429d,6815,A,21
chr1:1000000-2000000_6442_6796_0_1_0_0_1:31:0_2:24:0_bd13,6815,A,16
chr1:1000000-2000000_6452_6777_0_1_0_0_0:30:0_3:26:0_10761,6815,A,18
chr1:1000000-2000000_6431_6797_0_1_0_0_0:28:0_3:23:0_1c77,6815,A,20
chr1:1000000-2000000_7165_6802_1_0_0_0_0:34:0_3:25:0_149f4,6815,A,17
chr1:1000000-2000000_7146_6802_1_0_0_0_1:38:0_3:25:0_18948,6815,A,18
chr1:1000000-2000000_26389_26121_1_0_0_0_3:27:0_0:28:0_d133,26226,C,20
chr1:1000000-2000000_26124_26436_0_1_0_0_0:28:0_6:25:0_f0ec,26226,C,20
chr1:1000000-2000000_27691_28027_0_1_0_0_2:27:0_3:33:0_35c3,27825,T,20
chr1:1000000-2000000_28150_27716_1_0_0_0_2:26:0_4:27:0_aab5,27825,T,18
chr1:1000000-2000000_27701_27472_1_0_0_0_1:27:0_2:35:0_11a95,27825,T,22
chr1:1000000-2000000_28026_27741_1_0_0_0_1:33:0_1:24:0_478e,27825,T,19
chr1:1000000-2000000_28240_27767_1_0_0_0_0:31:0_0:24:0_4479,27825,T,16
chr1:1000000-2000000_27750_28024_0_1_0_0_0:26:0_3:32:0_819a,27825,T,20
chr1:1000000-2000000_28056_27762_1_0_0_0_0:30:0_1:27:0_11837,27825,C,17
chr1:1000000-2000000_27802_28188_0_1_0_0_0:26:0_5:28:0_119c1,27825,T,22
chr1:1000000-2000000_28095_27766_1_0_0_0_1:24:0_3:24:0_17c1b,27825,T,17
chr1:1000000-2000000_27728_27351_1_0_0_0_1:24:0_3:32:0_5f64,27825,C,20
chr1:1000000-2000000_27441_27779_0_1_0_0_1:35:0_1:22:0_c5d7,27825,T,17
chr1:1000000-2000000_28057_27734_1_0_0_0_3:29:0_3:24:0_19489,27825,C,16
chr1:1000000-2000000_27499_27809_0_1_0_0_2:34:0_1:29:0_c42e,27825,C,16
chr1:1000000-2000000_30017_30341_0_1_0_0_0:30:0_4:32:1_d606,31245,T,19
chr1:1000000-2000000_30344_29973_1_0_0_0_0:32:1_1:27:0_dd65,31245,T,20
chr1:1000000-2000000_33834_33534_1_0_0_0_2:34:0_0:19:0_18c45,33660,T,16
chr1:1000000-2000000_33536_33890_0_1_0_0_3:18:0_4:37:0_82ea,33660,G,21
chr1:1000000-2000000_33838_33537_1_0_0_0_1:36:0_0:18:0_33c,33660,T,13
chr1:1000000-2000000_33893_33539_1_0_0_0_2:38:0_2:18:0_561a,33660,T,17
chr1:1000000-2000000_33542_33833_0_1_0_0_2:21:0_2:18:0_4b31,33660,C,19
chr1:1000000-2000000_33547_33908_0_1_0_0_0:21:0_4:25:0_cc09,33660,C,20
chr1:1000000-2000000_33557_33898_0_1_0_0_1:20:0_0:38:0_3efc,33660,T,19
chr1:1000000-2000000_33141_33591_0_1_0_0_0:36:0_3:23:0_1fb,33660,T,17
chr1:1000000-2000000_33943_33593_1_0_0_0_2:22:0_2:24:0_d5f2,33660,C,17
chr1:1000000-2000000_33626_33904_0_1_0_0_2:24:0_6:27:0_448,33660,C,25
chr1:1000000-2000000_33913_33623_1_0_0_0_1:23:0_3:24:0_1aae,33660,C,17
chr1:1000000-2000000_33888_33603_1_0_0_0_0:36:0_2:27:0_10999,33660,T,19
chr1:1000000-2000000_33649_33344_1_0_0_0_0:28:0_2:26:0_892a,33660,T,21
chr1:1000000-2000000_33655_33335_1_0_0_0_2:30:0_5:24:0_18443,33660,T,19
chr1:1000000-2000000_49033_49384_0_1_0_0_2:25:0_3:37:0_f475,49406,G,17
chr1:1000000-2000000_49670_49351_1_0_0_0_2:30:0_2:31:0_f533,49406,G,17
chr1:1000000-2000000_49721_49317_1_0_0_0_0:26:0_2:27:0_146a6,49406,G,19
chr1:1000000-2000000_48894_49295_0_1_0_0_1:23:0_2:27:0_af69,49406,G,19
chr1:1000000-2000000_48927_49294_0_1_0_0_1:24:0_2:27:0_dacc,49406,G,17
chr1:1000000-2000000_49596_49282_1_0_0_0_0:30:0_6:28:0_ddf7,49406,G,18
chr1:1000000-2000000_49352_49707_0_1_0_0_1:36:0_2:33:0_d2d0,49406,G,16
chr1:1000000-2000000_48854_49291_0_1_0_0_3:29:0_2:25:0_109,49406,G,19
chr1:1000000-2000000_48870_49283_0_1_0_0_2:29:0_3:27:0_552f,49406,G,17
chr1:1000000-2000000_49316_48921_1_0_0_0_1:26:0_3:23:0_f66e,49406,G,21
chr1:1000000-2000000_49358_48996_1_0_0_0_2:37:0_5:22:0_fba2,49406,G,21
chr1:1000000-2000000_48982_49360_0_1_0_0_1:21:0_2:37:0_112c1,49406,G,17
chr1:1000000-2000000_49036_49354_0_1_0_0_1:26:0_2:36:0_18db7,49406,G,16
chr1:1000000-2000000_49719_49392_1_0_0_0_0:29:0_0:36:0_8818,49406,G,17
chr1:1000000-2000000_49041_49406_0_1_0_0_1:26:0_5:36:0_ec3b,49406,G,18
chr1:1000000-2000000_58790_58556_1_0_0_0_2:24:0_4:27:0_acdf,58656,G,14
chr1:1000000-2000000_58932_58579_1_0_0_0_1:28:0_1:28:0_f63b,58656,G,18
chr1:1000000-2000000_58628_59026_0_1_0_0_0:27:0_2:26:0_114ae,58656,G,20
chr1:1000000-2000000_58604_58986_0_1_0_0_0:29:0_2:25:0_122c5,58656,G,20
chr1:1000000-2000000_58615_58967_0_1_0_0_0:29:0_3:28:0_12bbc,58656,G,21
chr1:1000000-2000000_58996_58601_1_0_0_0_0:27:0_4:28:0_1617f,58656,G,18
chr1:1000000-2000000_58960_58646_1_0_0_0_4:26:0_5:27:0_1c0e,58656,G,16
chr1:1000000-2000000_58630_58944_0_1_0_0_3:27:0_1:29:0_7015,58656,G,23
chr1:1000000-2000000_58292_58650_0_1_0_0_3:30:0_3:28:0_1655c,58656,G,18
chr1:1000000-2000000_72816_73198_0_1_0_0_1:30:0_5:26:0_1319e,72934,A,22
chr1:1000000-2000000_73173_72836_1_0_0_0_2:26:0_2:27:0_158f2,72934,A,17
chr1:1000000-2000000_72594_72819_0_1_0_0_0:31:0_0:32:0_159e9,72934,A,17
chr1:1000000-2000000_73152_72856_1_0_0_0_0:29:0_1:20:0_14d2b,72934,A,17
chr1:1000000-2000000_72840_73218_0_1_0_0_1:22:0_3:32:0_3d3e,72934,A,20
chr1:1000000-2000000_72427_72831_0_1_0_0_2:28:0_4:26:0_2e91,72934,A,17
chr1:1000000-2000000_72796_72415_1_0_0_0_1:24:0_1:25:0_10911,72934,A,23
chr1:1000000-2000000_72823_72430_1_0_0_0_2:25:0_2:29:0_1411c,72934,A,21
chr1:1000000-2000000_72863_73208_0_1_0_0_3:21:0_5:27:0_2628,72934,A,20
chr1:1000000-2000000_72563_72866_0_1_0_0_1:29:0_4:23:0_5507,72934,A,17
chr1:1000000-2000000_73110_72849_1_0_0_0_1:32:0_4:22:0_4d05,72934,A,17
chr1:1000000-2000000_72839_72523_1_0_0_0_2:22:0_4:26:0_3f51,72934,G,17
chr1:1000000-2000000_72872_73227_0_1_0_0_3:23:0_2:28:0_86ed,72934,A,15
chr1:1000000-2000000_72880_72494_1_0_0_0_1:24:0_2:27:0_647a,72934,A,22
chr1:1000000-2000000_72894_72558_1_0_0_0_0:24:0_2:28:0_58bf,72934,A,21
chr1:1000000-2000000_75226_74795_1_0_0_0_3:37:0_1:24:0_58cb,74871,A,18
chr1:1000000-2000000_75060_74805_1_0_0_0_3:29:0_3:25:0_b1a4,74871,A,19
chr1:1000000-2000000_74733_75074_0_1_0_0_2:26:0_3:29:0_b774,74871,A,19
chr1:1000000-2000000_74797_75169_0_1_0_0_1:24:0_3:31:0_da7c,74871,A,21
chr1:1000000-2000000_75056_74775_1_0_0_0_1:29:0_1:26:0_e508,74871,A,16
chr1:1000000-2000000_74371_74727_0_1_0_0_0:31:0_2:28:0_55,74871,A,16
chr1:1000000-2000000_74728_74342_1_0_0_0_1:27:0_4:30:0_758b,74871,A,20
chr1:1000000-2000000_74776_74402_1_0_0_0_3:25:0_5:29:0_bfca,74871,A,20
chr1:1000000-2000000_74432_74778_0_1_0_0_1:30:0_4:26:0_19153,74871,A,19
chr1:1000000-2000000_74492_74824_0_1_0_0_1:30:0_4:23:0_18b72,74871,A,15
chr1:1000000-2000000_75159_74837_1_0_0_0_3:34:0_2:28:0_870b,74871,A,17
chr1:1000000-2000000_74858_75107_0_1_0_0_0:24:0_4:25:0_8eb7,74871,A,25
chr1:1000000-2000000_74512_74854_0_1_0_0_4:31:0_1:24:0_12632,74871,A,17
chr1:1000000-2000000_75182_74848_1_0_0_0_0:32:0_3:29:0_1717e,74871,A,17
chr1:1000000-2000000_74862_74567_1_0_0_0_2:31:0_5:35:0_de84,74871,A,22
chr1:1000000-2000000_82912_82539_1_0_0_0_3:28:0_3:24:0_141b,82628,C,18
chr1:1000000-2000000_82570_82193_1_0_0_0_0:25:0_4:31:0_a4ac,82628,C,18
chr1:1000000-2000000_82546_82351_1_0_0_0_2:24:0_2:27:0_ef06,82628,C,19
chr1:1000000-2000000_83904_83582_1_0_0_0_3:32:0_1:29:0_355d,83668,C,12
chr1:1000000-2000000_83588_84033_0_1_0_0_0:29:0_1:30:0_17cd7,83668,C,20
chr1:1000000-2000000_83379_83630_0_1_0_0_2:30:0_4:31:0_4b4,83668,C,17
chr1:1000000-2000000_83164_83585_0_1_0_0_2:34:0_6:29:0_edb,83668,C,17
chr1:1000000-2000000_83263_83541_0_1_0_0_1:26:0_2:32:0_32a1,83668,C,16
chr1:1000000-2000000_83328_83577_0_1_0_0_0:25:0_3:28:0_a7fd,83668,C,18
chr1:1000000-2000000_83642_83205_1_0_0_0_2:33:0_4:27:0_1278c,83668,C,21
chr1:1000000-2000000_83557_83253_1_0_0_0_3:38:0_3:28:0_192,83668,C,19
chr1:1000000-2000000_83875_83546_1_0_0_0_1:37:0_5:37:0_dd9e,83668,C,16
chr1:1000000-2000000_83577_83923_0_1_0_0_1:35:0_4:33:0_eed2,83668,C,21
chr1:1000000-2000000_83537_83844_0_1_0_0_3:38:0_4:37:0_15dbc,83668,C,20
chr1:1000000-2000000_83617_83303_1_0_0_0_5:28:0_1:21:0_7bd0,83668,C,21
chr1:1000000-2000000_83205_83545_0_1_0_0_3:28:0_1:38:0_9fe5,83668,C,17
chr1:1000000-2000000_83324_83642_0_1_0_0_0:23:0_4:31:0_17569,83668,C,16
chr1:1000000-2000000_83267_83603_0_1_0_0_0:26:0_1:31:0_17d07,83668,C,18
chr1:1000000-2000000_90691_91102_0_1_0_0_0:27:0_0:24:0_17097,91162,G,19
chr1:1000000-2000000_91083_91480_0_1_0_0_0:26:0_1:24:0_953a,91162,G,20
chr1:1000000-2000000_90677_91109_0_1_0_0_1:26:0_2:22:0_159a9,91162,G,17
chr1:1000000-2000000_91119_91503_0_1_0_0_2:24:0_3:25:0_1643,91162,G,20
chr1:1000000-2000000_95596_95218_1_0_0_0_0:24:0_1:22:1_35a4,95326,T,18
chr1:1000000-2000000_95236_95559_0_1_0_0_2:24:1_5:23:0_74eb,95326,T,18
chr1:1000000-2000000_95239_95662_0_1_0_0_0:23:1_4:30:0_1753,95326,T,20
chr1:1000000-2000000_95496_95242_1_0_0_0_2:23:0_4:22:1_16336,95326,T,21
chr1:1000000-2000000_94858_95229_0_1_0_0_1:24:0_1:24:1_3810,95326,T,20
chr1:1000000-2000000_94881_95255_0_1_0_0_3:23:0_3:25:1_b1d8,95326,T,19
chr1:1000000-2000000_95277_95784_0_1_0_0_2:20:1_2:30:0_11e41,95326,T,20
chr1:1000000-2000000_95744_95285_1_0_0_0_1:27:0_1:21:1_14e8f,95326,T,17
chr1:1000000-2000000_95286_95020_1_0_0_0_2:21:1_3:27:0_da34,95326,T,19
chr1:1000000-2000000_95234_94929_1_0_0_0_2:25:1_0:25:0_18355,95326,T,25
chr1:1000000-2000000_95547_95295_1_0_0_0_1:27:0_1:20:1_346,95326,T,18
chr1:1000000-2000000_94977_95315_0_1_0_0_1:31:0_1:25:0_1813b,95326,T,17
chr1:1000000-2000000_97465_97143_1_0_0_0_1:28:0_0:26:0_5ba8,97252,C,17
chr1:1000000-2000000_97561_97119_1_0_0_0_2:32:0_2:23:0_9d72,97252,C,17
chr1:1000000-2000000_97114_97461_0_1_0_0_0:21:0_3:28:0_f404,97252,C,21
chr1:1000000-2000000_97434_97151_1_0_0_0_1:31:0_3:23:0_14552,97252,C,19
chr1:1000000-2000000_97498_97151_1_0_0_0_1:27:0_3:23:0_17621,97252,C,17
chr1:1000000-2000000_96863_97125_0_1_0_0_0:22:0_1:23:0_b48c,97252,C,17
chr1:1000000-2000000_97156_96809_1_0_0_0_1:22:0_1:26:0_1339a,97252,C,19
chr1:1000000-2000000_97148_96823_1_0_0_0_0:24:0_2:24:0_133a6,97252,C,17
chr1:1000000-2000000_96852_97161_0_1_0_0_0:25:0_1:23:0_a824,97252,C,18
chr1:1000000-2000000_97550_97164_1_0_0_0_1:32:0_7:23:0_18df2,97252,C,18
chr1:1000000-2000000_97517_97110_1_0_0_0_0:34:0_5:25:0_18ee0,97252,C,19
chr1:1000000-2000000_96881_97172_0_1_0_0_3:22:0_4:25:0_137cf,97252,C,18
chr1:1000000-2000000_97172_96851_1_0_0_0_0:25:0_3:25:0_17ac5,97252,C,20
chr1:1000000-2000000_97179_96759_1_0_0_0_1:25:0_1:28:0_937a,97252,C,24
chr1:1000000-2000000_97181_97497_0_1_0_0_3:25:0_3:28:0_17d6f,97252,C,20
chr1:1000000-2000000_97182_97511_0_1_0_0_2:24:0_2:31:0_14388,97252,C,18
chr1:1000000-2000000_97214_97576_0_1_0_0_1:27:0_5:33:0_49a8,97252,C,19
chr1:1000000-2000000_98209_98591_0_1_0_0_2:24:0_0:29:0_969,98247,C,20
chr1:1000000-2000000_98158_97851_1_0_0_0_4:26:0_4:24:0_a1d9,98247,C,19
chr1:1000000-2000000_98109_97645_1_0_0_0_1:31:0_7:32:0_d542,98247,C,18
chr1:1000000-2000000_98198_97749_1_0_0_0_1:26:0_2:28:0_11cf5,98247,C,22
chr1:1000000-2000000_98536_98219_1_0_0_0_1:27:0_0:23:0_106e0,98247,C,19
chr1:1000000-2000000_98170_97817_1_0_0_0_1:26:0_2:29:0_3d14,98247,C,20
chr1:1000000-2000000_97873_98223_0_1_0_0_3:24:0_1:24:0_12bd3,98247,C,15
chr1:1000000-2000000_98242_98589_0_1_0_0_0:24:0_0:29:0_f7a,98247,C,20
chr1:1000000-2000000_98245_97851_1_0_0_0_2:26:0_5:24:0_106f2,98247,C,23
chr1:1000000-2000000_107053_107461_0_1_0_0_1:25:0_4:29:0_1047,107176,C,24
chr1:1000000-2000000_107100_107391_0_1_0_0_2:25:0_2:27:0_a99b,107176,C,20
chr1:1000000-2000000_107074_107409_0_1_0_0_3:25:0_1:26:0_1300,107176,C,20
chr1:1000000-2000000_107540_107153_1_0_0_0_2:40:0_2:28:0_a1f3,107176,C,19
chr1:1000000-2000000_107070_107376_0_1_0_0_2:25:0_0:25:0_d72b,107176,C,20
chr1:1000000-2000000_107455_107116_1_0_0_0_2:26:0_3:27:0_13158,107176,C,20
chr1:1000000-2000000_107151_106753_1_0_0_0_2:28:0_2:27:0_1241,107176,C,20
chr1:1000000-2000000_107124_106801_1_0_0_0_1:28:0_2:29:0_16871,107176,C,19
chr1:1000000-2000000_107070_107376_0_1_0_0_2:25:0_0:25:0_d72b,107474,T,17
chr1:1000000-2000000_107352_106942_1_0_0_0_0:31:0_5:28:0_386e,107474,T,20
chr1:1000000-2000000_107074_107409_0_1_0_0_3:25:0_1:26:0_1300,107474,T,16
chr1:1000000-2000000_107433_107806_0_1_0_0_3:29:0_2:28:0_6662,107474,T,20
chr1:1000000-2000000_107391_107731_0_1_0_0_2:27:0_5:23:0_10468,107474,T,22
chr1:1000000-2000000_107786_107427_1_0_0_0_1:27:0_1:31:0_19240,107474,T,17
chr1:1000000-2000000_107100_107391_0_1_0_0_2:25:0_2:27:0_a99b,107474,T,16
chr1:1000000-2000000_107455_107116_1_0_0_0_2:26:0_3:27:0_13158,107474,T,22
chr1:1000000-2000000_107461_107743_0_1_0_0_1:29:0_6:25:0_bde,107474,T,18
chr1:1000000-2000000_116452_116723_0_1_0_0_2:29:0_4:24:0_1ad,116740,G,19
chr1:1000000-2000000_119720_120022_0_1_0_0_2:30:0_0:23:0_795d,120117,G,20
chr1:1000000-2000000_120000_119674_1_0_0_0_1:25:0_1:30:0_b687,120117,G,22
chr1:1000000-2000000_120312_120032_1_0_0_0_5:33:0_0:21:0_9e0c,120117,G,18
chr1:1000000-2000000_120444_120078_1_0_0_0_3:28:0_2:22:0_137d5,120117,G,18
chr1:1000000-2000000_120022_120350_0_1_0_0_1:31:0_3:26:0_2ee2,120117,G,21
chr1:1000000-2000000_120052_119667_1_0_0_0_0:27:0_3:34:0_6ba9,120117,G,18
chr1:1000000-2000000_120027_119714_1_0_0_0_3:29:0_1:28:0_bfa4,120117,G,20
chr1:1000000-2000000_120436_120029_1_0_0_0_0:23:0_2:29:0_6669,120117,G,17
chr1:1000000-2000000_120097_120468_0_1_0_0_1:26:0_3:22:0_c473,120117,G,19
chr1:1000000-2000000_120086_120406_0_1_0_0_3:24:0_5:22:0_f9c2,120117,G,21
chr1:1000000-2000000_120084_120464_0_1_0_0_0:25:0_3:28:0_12710,120117,G,20
chr1:1000000-2000000_120081_120567_0_1_0_0_1:23:0_2:31:0_18d49,120117,G,22
chr1:1000000-2000000_120412_120110_1_0_0_0_1:24:0_2:25:0_10f81,120117,G,18
chr1:1000000-2000000_130768_131111_0_1_0_0_1:26:0_5:25:0_4848,130890,C,19
chr1:1000000-2000000_131131_130789_1_0_0_0_1:25:0_2:21:0_8933,130890,C,15
chr1:1000000-2000000_131074_130803_1_0_0_0_4:27:0_5:20:0_b3,130890,C,17
chr1:1000000-2000000_131091_130814_1_0_0_0_3:25:0_2:19:0_1934,130890,C,17
chr1:1000000-2000000_130802_130432_1_0_0_0_2:20:0_2:27:0_3eea,130890,C,17
chr1:1000000-2000000_130806_130450_1_0_0_0_4:20:0_3:28:0_7eb8,130890,C,20
chr1:1000000-2000000_130433_130797_0_1_0_0_3:28:0_2:21:0_c0d9,130890,C,17
chr1:1000000-2000000_130825_131235_0_1_0_0_3:22:0_4:26:0_d821,130890,C,20
chr1:1000000-2000000_130832_131211_0_1_0_0_0:22:0_4:26:0_2780,130890,C,20
chr1:1000000-2000000_131071_130833_1_0_0_0_5:27:0_4:22:0_cfa8,130890,C,18
chr1:1000000-2000000_146685_146338_1_0_0_0_0:30:0_2:28:0_f2d2,146414,C,18
chr1:1000000-2000000_146353_146042_1_0_0_0_0:28:0_2:30:0_1832e,146414,C,24
chr1:1000000-2000000_146740_146357_1_0_0_0_1:29:0_1:29:0_19863,146414,C,13
chr1:1000000-2000000_160170_159811_1_0_0_0_0:26:0_3:21:0_162d,160266,A,18
chr1:1000000-2000000_159791_160210_0_1_0_0_0:26:0_6:16:0_cde3,160266,A,16
chr1:1000000-2000000_160179_159781_1_0_0_0_2:24:0_1:27:0_108d4,160266,A,23
chr1:1000000-2000000_159824_160198_0_1_0_0_1:23:0_2:18:0_10bdf,160266,A,19
chr1:1000000-2000000_159817_160192_0_1_0_0_1:20:0_5:22:0_11596,160266,A,17
chr1:1000000-2000000_160585_160218_1_0_0_0_1:23:0_5:16:0_aabf,160266,G,17
chr1:1000000-2000000_160596_160168_1_0_0_0_0:22:0_3:26:0_17281,160266,A,18
chr1:1000000-2000000_160478_160161_1_0_0_0_0:23:0_5:28:0_19af5,160266,A,17
chr1:1000000-2000000_159864_160223_0_1_0_0_0:24:0_3:16:0_61e3,160266,A,18
chr1:1000000-2000000_159767_160146_0_1_0_0_1:28:0_3:28:0_c748,160266,A,17
chr1:1000000-2000000_160229_159897_1_0_0_0_1:16:0_5:24:0_14a5e,160266,A,22
chr1:1000000-2000000_159847_160245_0_1_0_0_3:23:0_5:18:0_13c25,160266,A,16
chr1:1000000-2000000_159901_160248_0_1_0_0_3:24:0_3:19:0_11e56,160266,A,18
chr1:1000000-2000000_163304_162941_1_0_0_0_0:30:0_4:29:0_1bc8,163033,A,18
chr1:1000000-2000000_163308_162928_1_0_0_0_1:29:0_0:32:0_f8e6,163033,A,15
chr1:1000000-2000000_162946_163313_0_1_0_0_1:29:0_5:29:0_18101,163033,A,22
chr1:1000000-2000000_162964_163401_0_1_0_0_1:28:0_3:16:0_5907,163033,A,20
chr1:1000000-2000000_163001_163347_0_1_0_0_0:26:0_5:31:0_c75f,163033,A,19
chr1:1000000-2000000_163377_163001_1_0_0_0_1:26:0_2:26:0_ce18,163033,A,17
chr1:1000000-2000000_163015_163437_0_1_0_0_1:28:0_3:11:0_10d00,163033,A,20
chr1:1000000-2000000_167383_167805_0_1_0_0_1:25:0_3:36:0_65f2,167415,T,20
chr1:1000000-2000000_167856_167382_1_0_0_0_0:31:0_3:25:0_10e0b,167415,T,15
chr1:1000000-2000000_167756_167350_1_0_0_0_1:30:0_0:26:0_14d54,167415,T,18
chr1:1000000-2000000_167384_167002_1_0_0_0_2:25:0_4:28:0_138af,167415,T,20
chr1:1000000-2000000_167074_167398_0_1_0_0_3:28:0_3:25:0_31b3,167415,T,17
chr1:1000000-2000000_167401_167727_0_1_0_0_0:29:0_5:29:0_fd39,167415,C,15
chr1:1000000-2000000_167401_167665_0_1_0_0_2:29:0_2:24:0_190e6,167415,C,21
chr1:1000000-2000000_167405_167100_1_0_0_0_1:29:0_0:32:0_aaa3,167415,C,18
chr1:1000000-2000000_167325_167617_0_1_0_0_1:31:0_3:25:0_637c,167415,C,20
chr1:1000000-2000000_167721_167336_1_0_0_0_1:29:0_2:30:0_14bd7,167415,C,18
chr1:1000000-2000000_166988_167390_0_1_0_0_0:24:0_4:28:0_543c,167415,C,17
chr1:1000000-2000000_167043_167396_0_1_0_0_3:22:0_4:30:0_7ff7,167415,C,23
chr1:1000000-2000000_166960_167325_0_1_0_0_3:24:0_1:31:0_9256,167415,C,21
chr1:1000000-2000000_167407_167085_1_0_0_0_2:28:0_2:32:0_9f44,167415,C,21
chr1:1000000-2000000_167031_167402_0_1_0_0_0:19:0_1:30:0_ea21,167415,C,19
chr1:1000000-2000000_167376_166952_1_0_0_0_0:28:0_4:26:0_1194b,167415,C,24
chr1:1000000-2000000_167333_166999_1_0_0_0_1:31:0_1:19:0_17a35,167415,C,21
chr1:1000000-2000000_167384_166995_1_0_0_0_3:29:0_3:21:0_1842e,167415,C,20
chr1:1000000-2000000_170452_170763_0_1_0_0_2:29:0_2:26:0_19397,170556,C,18
chr1:1000000-2000000_170458_170777_0_1_0_0_1:25:0_6:35:0_114ef,170556,C,22
chr1:1000000-2000000_170163_170492_0_1_0_0_0:26:0_3:28:0_434f,170556,C,14
chr1:1000000-2000000_170188_170489_0_1_0_0_1:25:0_5:26:0_fdb5,170556,C,17
chr1:1000000-2000000_170177_170488_0_1_0_0_2:25:0_3:26:0_14038,170556,C,17
chr1:1000000-2000000_170524_170232_1_0_0_0_1:30:0_0:28:0_6a0a,170556,C,23
chr1:1000000-2000000_170107_170529_0_1_0_0_1:24:0_3:32:0_ee79,170556,C,16
chr1:1000000-2000000_170898_171323_0_1_0_0_0:32:0_2:24:0_71dc,171340,C,17
chr1:1000000-2000000_171692_171286_1_0_0_0_1:33:0_3:27:0_13c65,171340,C,19
chr1:1000000-2000000_179418_179084_1_0_0_0_1:35:0_3:32:0_3bda,179452,A,19
chr1:1000000-2000000_179425_179127_1_0_0_0_1:35:0_4:34:0_6cd8,179452,A,21
chr1:1000000-2000000_179430_179078_1_0_0_0_2:33:0_2:34:0_18e1b,179452,A,22
chr1:1000000-2000000_179063_179420_0_1_0_0_1:31:0_3:35:0_1954b,179452,A,19
chr1:1000000-2000000_201543_201995_0_1_0_0_0:30:0_2:27:0_1472,201630,G,21
chr1:1000000-2000000_201824_201562_1_0_0_0_4:25:0_2:27:0_b89c,201630,G,17
chr1:1000000-2000000_201502_201864_0_1_0_0_1:24:0_3:29:0_16f93,201630,G,22
chr1:1000000-2000000_201556_201884_0_1_0_0_5:28:0_3:27:0_19a1d,201630,G,20
chr1:1000000-2000000_201245_201555_0_1_0_0_0:34:0_1:28:0_6069,201630,G,17
chr1:1000000-2000000_201577_201923_0_1_0_0_0:24:0_2:30:0_b1ea,201630,G,18
chr1:1000000-2000000_201579_201275_1_0_0_0_1:24:0_1:35:0_20c,201630,G,21
chr1:1000000-2000000_201986_201597_1_0_0_0_3:29:0_1:25:0_f014,201630,G,14
chr1:1000000-2000000_219932_219577_1_0_0_0_2:24:0_1:25:0_2197,219685,A,16
chr1:1000000-2000000_219934_219590_1_0_0_0_4:23:0_2:28:0_108ba,219685,A,14
chr1:1000000-2000000_219258_219590_0_1_0_0_1:32:0_0:28:0_3706,219685,A,18
chr1:1000000-2000000_219624_219186_1_0_0_0_2:27:0_6:29:0_111c1,219685,A,19
chr1:1000000-2000000_219206_219612_0_1_0_0_0:21:0_2:24:0_dd6b,219685,C,17
chr1:1000000-2000000_222809_222386_1_0_0_0_0:26:0_2:26:0_b132,222956,C,20
chr1:1000000-2000000_222861_223145_0_1_0_0_0:27:0_0:29:0_3685,222956,C,22
chr1:1000000-2000000_223249_222892_1_0_0_0_1:25:0_1:27:0_6ed0,222956,C,15
chr1:1000000-2000000_223119_222816_1_0_0_0_0:30:0_3:27:0_1003c,222956,C,18
chr1:1000000-2000000_223204_222813_1_0_0_0_2:26:0_2:27:0_17da1,222956,C,17
chr1:1000000-2000000_222877_222523_1_0_0_0_0:26:0_1:32:0_8041,222956,C,20
chr1:1000000-2000000_222900_222452_1_0_0_0_3:27:0_4:26:0_96df,222956,C,19
chr1:1000000-2000000_222898_222513_1_0_0_0_0:27:0_3:31:0_b1d2,222956,C,21
chr1:1000000-2000000_222891_222486_1_0_0_0_0:28:0_3:25:0_f927,222956,C,24
chr1:1000000-2000000_222813_222437_1_0_0_0_2:27:0_2:21:0_ff27,222956,C,26
chr1:1000000-2000000_222546_222827_0_1_0_0_2:30:0_3:24:0_1079e,222956,C,15
chr1:1000000-2000000_222872_223246_0_1_0_0_2:27:0_3:26:0_1591c,222956,C,22
chr1:1000000-2000000_223294_222938_1_0_0_0_1:24:0_2:25:0_1877e,222956,C,19
chr1:1000000-2000000_225965_225694_1_0_0_0_3:34:0_4:28:0_1694c,225773,T,17
chr1:1000000-2000000_229162_228808_1_0_0_0_2:19:0_4:26:0_13e84,229259,A,20
chr1:1000000-2000000_229174_229548_0_1_0_0_2:20:0_0:21:0_13f46,229259,A,20
chr1:1000000-2000000_229181_228876_1_0_0_0_1:19:0_0:25:0_49bd,229259,A,19
chr1:1000000-2000000_229182_228863_1_0_0_0_0:19:0_5:26:0_14eb4,229259,A,18
chr1:1000000-2000000_229191_228921_1_0_0_0_0:22:0_2:28:0_13132,229259,A,21
chr1:1000000-2000000_229676_229215_1_0_0_0_4:31:0_4:26:0_813f,229259,A,21
chr1:1000000-2000000_229581_229202_1_0_0_0_3:25:0_3:26:0_ae5b,229259,A,19
chr1:1000000-2000000_229589_229233_1_0_0_0_2:24:0_5:28:0_eedb,229259,A,17
chr1:1000000-2000000_229446_229145_1_0_0_0_1:29:0_3:20:0_11320,229259,A,18
chr1:1000000-2000000_229136_229515_0_1_0_0_3:22:0_2:24:0_131d0,229259,A,20
chr1:1000000-2000000_229243_228890_1_0_0_0_2:24:0_2:24:0_34e0,229259,A,22
chr1:1000000-2000000_229201_228842_1_0_0_0_0:26:0_1:24:0_4692,229259,A,22
chr1:1000000-2000000_229234_228924_1_0_0_0_1:28:0_4:27:0_67bb,229259,A,20
chr1:1000000-2000000_228882_229239_0_1_0_0_2:25:0_1:26:0_e2aa,229259,A,16
chr1:1000000-2000000_228918_229236_0_1_0_0_1:27:0_3:27:0_1162d,229259,A,18
chr1:1000000-2000000_228894_229222_0_1_0_0_1:25:0_7:28:0_16df1,229259,A,19
chr1:1000000-2000000_229226_228875_1_0_0_0_2:28:0_5:25:0_181d5,229259,A,20
chr1:1000000-2000000_229207_228918_1_0_0_0_0:26:0_4:27:0_18598,229259,A,19
chr1:1000000-2000000_229249_228785_1_0_0_0_0:23:0_4:27:0_32c1,229259,A,23
chr1:1000000-2000000_231258_231038_1_0_0_0_0:20:0_2:28:1_5ee2,231149,G,17
chr1:1000000-2000000_231056_231358_0_1_0_0_2:25:1_1:32:0_aaca,231149,G,20
chr1:1000000-2000000_231020_230621_1_0_0_0_2:30:1_0:22:0_16b70,231149,G,22
chr1:1000000-2000000_231095_230797_1_0_0_0_1:30:0_3:24:0_13cc0,231149,G,22
chr1:1000000-2000000_233936_234214_0_1_0_0_1:18:0_1:32:0_b1d4,234054,C,22
chr1:1000000-2000000_233712_233948_0_1_0_0_1:34:0_2:19:0_17a7d,234054,C,17
chr1:1000000-2000000_234275_233952_1_0_0_0_4:27:0_6:17:0_12dd6,234054,C,17
chr1:1000000-2000000_233931_234358_0_1_0_0_0:23:0_3:22:0_10f56,234054,C,20
chr1:1000000-2000000_233932_233473_1_0_0_0_1:23:0_3:36:0_b5d,234054,C,21
chr1:1000000-2000000_233609_233957_0_1_0_0_3:41:0_1:17:0_32ad,234054,C,16
chr1:1000000-2000000_233965_233663_1_0_0_0_3:18:0_3:40:0_3385,234054,C,23
chr1:1000000-2000000_233974_233654_1_0_0_0_1:20:0_6:38:0_c5fc,234054,C,20
chr1:1000000-2000000_233984_233637_1_0_0_0_1:20:0_3:39:0_1266f,234054,C,22
chr1:1000000-2000000_234295_234001_1_0_0_0_6:29:0_4:24:0_172bd,234054,C,18
chr1:1000000-2000000_234030_233757_1_0_0_0_1:21:0_3:28:0_2bdf,234054,C,19
chr1:1000000-2000000_234001_234360_0_1_0_0_4:25:0_4:21:0_4230,234054,C,19
chr1:1000000-2000000_234025_234347_0_1_0_0_3:23:0_1:25:0_67c2,234054,C,21
chr1:1000000-2000000_233983_234327_0_1_0_0_1:22:0_5:24:0_ea7f,234054,C,20
chr1:1000000-2000000_233988_233703_1_0_0_0_3:23:0_6:20:0_7799,234054,C,18
chr1:1000000-2000000_234360_234034_1_0_0_0_4:21:0_0:21:0_e03b,234054,C,17
chr1:1000000-2000000_234458_234042_1_0_0_0_2:32:0_2:21:0_ec75,234054,C,17
chr1:1000000-2000000_234356_233964_1_0_0_0_2:22:0_6:20:0_6bf1,234054,C,17
chr1:1000000-2000000_234376_233948_1_0_0_0_2:20:0_3:23:0_14750,234054,C,18
chr1:1000000-2000000_233678_234046_0_1_0_0_2:26:0_4:21:0_12481,234054,C,18
chr1:1000000-2000000_234053_234337_0_1_0_0_0:23:0_4:29:0_59d8,234054,C,23
chr1:1000000-2000000_239275_238858_1_0_0_0_1:24:0_5:33:0_6726,238969,G,17
chr1:1000000-2000000_239120_238863_1_0_0_0_1:29:0_1:32:0_8f73,238969,G,19
chr1:1000000-2000000_238883_239228_0_1_0_0_2:31:0_1:26:0_a6ce,238969,G,23
chr1:1000000-2000000_238839_239269_0_1_0_0_0:30:0_2:22:0_ca65,238969,G,20
chr1:1000000-2000000_238555_238885_0_1_0_0_1:25:0_2:31:0_af1f,238969,G,16
chr1:1000000-2000000_238895_238569_1_0_0_0_1:31:0_2:27:0_175c1,238969,G,20
chr1:1000000-2000000_238896_238557_1_0_0_0_2:31:0_1:25:0_9325,238969,G,22
chr1:1000000-2000000_238914_239229_0_1_0_0_0:30:0_2:27:0_1971a,238969,G,20
chr1:1000000-2000000_238560_238836_0_1_0_0_2:25:0_4:30:0_3b90,238969,G,17
chr1:1000000-2000000_238573_238904_0_1_0_0_1:25:0_2:32:0_d753,238969,G,20
chr1:1000000-2000000_239228_238873_1_0_0_0_2:33:0_4:32:0_12a15,238969,G,17
chr1:1000000-2000000_239134_238843_1_0_0_0_0:26:0_3:27:0_15449,238969,G,19
chr1:1000000-2000000_238881_239171_0_1_0_0_2:35:0_1:26:0_e251,238969,G,20
chr1:1000000-2000000_239719_240062_0_1_0_0_3:27:0_5:30:0_12662,240175,G,16
chr1:1000000-2000000_239731_240093_0_1_0_0_1:27:0_3:28:0_4031,240175,C,17
chr1:1000000-2000000_239764_240052_0_1_0_0_1:33:0_2:28:0_f2db,240175,C,19
chr1:1000000-2000000_239724_240040_0_1_0_0_0:28:0_2:29:0_11504,240175,C,18
chr1:1000000-2000000_244009_244432_0_1_0_0_2:24:0_2:36:0_167eb,244099,C,20
chr1:1000000-2000000_244035_243670_1_0_0_0_0:20:0_3:20:0_11d8f,244099,C,22
chr1:1000000-2000000_244058_243706_1_0_0_0_0:24:0_3:23:0_10935,244099,C,20
chr1:1000000-2000000_243702_244010_0_1_0_0_2:21:0_1:24:0_bfbc,244099,C,18
chr1:1000000-2000000_244033_243715_1_0_0_0_2:20:0_4:21:0_c161,244099,C,20
chr1:1000000-2000000_244068_243736_1_0_0_0_1:22:0_2:26:0_80a5,244099,C,23
chr1:1000000-2000000_721317_721044_1_0_0_0_1:34:0_1:25:0_5783,256703,A,17
chr1:1000000-2000000_256377_256699_0_1_0_0_1:32:0_2:22:0_1984c,256703,A,16
chr1:1000000-2000000_256377_256699_0_1_0_0_1:32:0_2:22:0_1984c,256788,G,17
chr1:1000000-2000000_256661_256947_0_1_0_0_1:28:0_3:37:0_87b2,256788,G,23
chr1:1000000-2000000_258491_258156_1_0_0_0_0:17:0_5:36:0_11030,258608,G,20
chr1:1000000-2000000_258480_258118_1_0_0_0_2:19:0_6:30:0_15d3f,258608,G,20
chr1:1000000-2000000_258503_258870_0_1_0_0_3:20:0_2:30:0_11637,258608,G,17
chr1:1000000-2000000_258521_258243_1_0_0_0_1:21:0_4:32:0_14b8c,258608,G,20
chr1:1000000-2000000_258923_258528_1_0_0_0_1:28:0_0:23:0_1200b,258608,G,16
chr1:1000000-2000000_258267_258587_0_1_0_0_1:31:0_2:25:0_19339,258608,G,17
chr1:1000000-2000000_263497_263861_0_1_0_0_1:28:0_1:30:0_1870e,263627,A,19
chr1:1000000-2000000_263230_263553_0_1_0_0_3:30:0_1:32:0_b5e6,263627,A,17
chr1:1000000-2000000_263532_263155_1_0_0_0_2:29:0_0:32:0_cc31,263627,A,17
chr1:1000000-2000000_263534_263214_1_0_0_0_0:30:0_3:33:0_d758,263627,A,20
chr1:1000000-2000000_275486_275060_1_0_0_0_1:31:0_4:25:2_96b,275505,A,20
chr1:1000000-2000000_275738_275431_1_0_0_0_0:24:0_2:32:0_6d2,275505,A,18
chr1:1000000-2000000_275365_275763_0_1_0_0_2:28:0_5:27:0_8aea,275505,A,19
chr1:1000000-2000000_275375_275723_0_1_0_0_4:30:0_4:23:0_f61f,275505,A,20
chr1:1000000-2000000_275695_275368_1_0_0_0_3:24:0_4:29:0_f6d4,275505,A,18
chr1:1000000-2000000_275918_275456_1_0_0_0_2:32:0_4:30:0_12a28,275505,A,17
chr1:1000000-2000000_275736_275374_1_0_0_0_0:23:0_1:30:0_15750,275505,A,21
chr1:1000000-2000000_275092_275432_0_1_0_0_1:26:2_2:31:0_10722,275505,A,20
chr1:1000000-2000000_275085_275459_0_1_0_0_3:26:2_1:30:0_1707f,275505,A,18
chr1:1000000-2000000_277646_277224_1_0_0_0_1:24:0_2:25:0_18d5e,277371,C,17
chr1:1000000-2000000_277258_277618_0_1_0_0_0:21:0_7:26:0_151a9,277371,C,22
chr1:1000000-2000000_277305_277625_0_1_0_0_0:25:0_1:25:0_7ce,277371,C,21
chr1:1000000-2000000_277312_277663_0_1_0_0_1:27:0_4:24:0_ca74,277371,C,17
chr1:1000000-2000000_277690_277330_1_0_0_0_0:25:0_7:28:0_12f4,277371,C,17
chr1:1000000-2000000_277713_277355_1_0_0_0_1:23:0_5:29:0_3549,277371,C,17
chr1:1000000-2000000_277748_277350_1_0_0_0_2:24:0_3:29:0_d4bd,277371,C,17
chr1:1000000-2000000_277361_277745_0_1_0_0_1:30:0_4:24:0_e4ed,277371,C,20
chr1:1000000-2000000_277305_277625_0_1_0_0_0:25:0_1:25:0_7ce,277747,G,17
chr1:1000000-2000000_277646_277224_1_0_0_0_1:24:0_2:25:0_18d5e,277747,G,20
chr1:1000000-2000000_277690_277330_1_0_0_0_0:25:0_7:28:0_12f4,277747,G,24
chr1:1000000-2000000_277692_277376_1_0_0_0_0:24:0_3:29:0_f945,277747,G,22
chr1:1000000-2000000_278172_277710_1_0_0_0_0:25:0_5:23:0_23b9,277747,G,17
chr1:1000000-2000000_278028_277656_1_0_0_0_0:32:0_5:25:0_f70e,277747,G,17
chr1:1000000-2000000_277713_277355_1_0_0_0_1:23:0_5:29:0_3549,277747,G,20
chr1:1000000-2000000_277374_277678_0_1_0_0_1:30:0_3:25:0_1862b,277747,G,18
chr1:1000000-2000000_277683_278103_0_1_0_0_2:24:0_2:31:0_91df,277747,G,20
chr1:1000000-2000000_277361_277745_0_1_0_0_1:30:0_4:24:0_e4ed,277747,G,20
chr1:1000000-2000000_280319_280676_0_1_0_0_2:26:0_2:26:0_40d7,280747,T,18
chr1:1000000-2000000_283033_282646_1_0_0_0_3:36:0_5:30:0_80b7,283061,T,18
chr1:1000000-2000000_287948_288301_0_1_0_0_1:18:0_2:27:0_ff56,288390,G,17
chr1:1000000-2000000_288284_287843_1_0_0_0_1:26:0_1:18:0_28bf,288390,G,19
chr1:1000000-2000000_288280_287915_1_0_0_0_1:25:0_3:14:0_48cd,288390,G,21
chr1:1000000-2000000_288350_288027_1_0_0_0_1:23:0_5:20:0_a30b,288390,G,20
chr1:1000000-2000000_288359_288012_1_0_0_0_4:25:0_3:21:0_2c3,288390,G,24
chr1:1000000-2000000_287985_288352_0_1_0_0_1:17:0_3:24:0_4e51,288390,G,18
chr1:1000000-2000000_288382_287888_1_0_0_0_4:27:0_3:18:0_15268,288390,G,17
chr1:1000000-2000000_291266_290935_1_0_0_0_3:26:0_1:25:0_23b,291370,T,23
chr1:1000000-2000000_291668_291285_1_0_0_0_1:30:0_2:25:0_673b,291370,T,14
chr1:1000000-2000000_291672_291347_1_0_0_0_2:31:0_2:34:1_44af,291370,T,20
chr1:1000000-2000000_291718_291319_1_0_0_0_2:30:0_3:30:1_9739,291370,T,16
chr1:1000000-2000000_291961_291599_1_0_0_0_1:25:0_1:31:0_31c3,291705,C,17
chr1:1000000-2000000_303752_303314_1_0_0_0_1:40:0_1:22:0_635,303446,G,16
chr1:1000000-2000000_303047_303319_0_1_0_0_2:29:0_1:22:0_14d02,303446,G,17
chr1:1000000-2000000_303336_303701_0_1_0_0_1:22:0_4:30:0_1ed5,303446,G,23
chr1:1000000-2000000_303305_302957_1_0_0_0_1:23:0_3:33:0_18c4a,303446,G,21
chr1:1000000-2000000_303346_302930_1_0_0_0_1:22:0_5:31:0_38dd,303446,G,23
chr1:1000000-2000000_303748_303349_1_0_0_0_2:38:0_6:22:0_17eab,303446,G,19
chr1:1000000-2000000_303351_303076_1_0_0_0_2:23:0_4:33:0_10ab2,303446,G,21
chr1:1000000-2000000_303736_303365_1_0_0_0_2:35:0_4:23:0_107ff,303446,G,22
chr1:1000000-2000000_303024_303362_0_1_0_0_1:28:0_2:22:0_9ea3,303446,G,17
chr1:1000000-2000000_303399_303057_1_0_0_0_0:20:0_3:32:0_f2a4,303446,G,20
chr1:1000000-2000000_303399_303802_0_1_0_0_2:27:0_1:31:0_80f4,303446,G,21
chr1:1000000-2000000_303403_303646_0_1_0_0_2:28:0_0:31:0_13ec9,303446,G,24
chr1:1000000-2000000_303378_303670_0_1_0_0_1:29:0_4:27:0_18609,303446,G,18
chr1:1000000-2000000_307716_307288_1_0_0_0_1:27:0_5:21:0_18420,307420,C,17
chr1:1000000-2000000_307279_306946_1_0_0_0_1:23:0_4:30:0_9fa,307420,C,24
chr1:1000000-2000000_306936_307281_0_1_0_0_0:29:0_5:23:0_15abc,307420,T,18
chr1:1000000-2000000_307303_307035_1_0_0_0_3:24:0_2:21:0_dd0a,307420,C,19
chr1:1000000-2000000_307352_307750_0_1_0_0_0:25:0_3:30:0_18ff,307420,C,18
chr1:1000000-2000000_307357_307711_0_1_0_0_1:26:0_3:26:0_17fc,307420,C,21
chr1:1000000-2000000_307358_306988_1_0_0_0_0:26:0_3:25:0_2ee,307420,C,19
chr1:1000000-2000000_307732_307365_1_0_0_0_2:33:0_2:26:0_1199a,307420,C,16
chr1:1000000-2000000_307696_307369_1_0_0_0_0:28:0_3:27:0_7d8d,307420,C,20
chr1:1000000-2000000_307746_307349_1_0_0_0_1:29:0_1:26:0_fe09,307420,C,20
chr1:1000000-2000000_307373_307704_0_1_0_0_1:28:0_5:28:0_129c3,307420,C,20
chr1:1000000-2000000_307382_306983_1_0_0_0_1:30:0_2:24:0_5ee5,307420,C,20
chr1:1000000-2000000_340379_340017_1_0_0_0_2:30:0_2:32:0_36df,340036,C,17
chr1:1000000-2000000_340361_339981_1_0_0_0_1:30:0_3:32:0_316e,340036,C,17
chr1:1000000-2000000_339914_340315_0_1_0_0_0:27:0_2:32:0_9861,340036,C,18
chr1:1000000-2000000_339966_340370_0_1_0_0_2:32:0_2:29:0_b7c2,340036,C,21
chr1:1000000-2000000_340342_339998_1_0_0_0_2:33:0_2:33:0_d97d,340036,C,17
chr1:1000000-2000000_339957_340378_0_1_0_0_1:31:0_3:29:0_19878,340036,C,20
chr1:1000000-2000000_339658_339989_0_1_0_0_3:28:0_4:32:0_9cde,340036,C,18
chr1:1000000-2000000_339965_339605_1_0_0_0_1:32:0_4:37:0_ae69,340036,C,23
chr1:1000000-2000000_339636_340020_0_1_0_0_2:31:0_2:31:0_160cc,340036,C,21
chr1:1000000-2000000_356637_356977_0_1_0_0_1:22:0_4:28:0_df88,356779,A,22
chr1:1000000-2000000_356306_356684_0_1_0_0_3:26:0_2:27:0_6874,356779,A,20
chr1:1000000-2000000_357014_356688_1_0_0_0_1:27:0_1:26:0_1967e,356779,A,19
chr1:1000000-2000000_356994_356694_1_0_0_0_1:26:0_3:25:0_605f,356779,A,17
chr1:1000000-2000000_356637_356243_1_0_0_0_4:22:0_0:30:0_13ebb,356779,A,20
chr1:1000000-2000000_356634_356989_0_1_0_0_1:30:0_2:25:0_dd1b,356779,A,17
chr1:1000000-2000000_357076_356643_1_0_0_0_0:33:0_1:30:0_17f87,356779,A,19
chr1:1000000-2000000_357017_356678_1_0_0_0_1:29:0_3:37:0_1807d,356779,A,13
chr1:1000000-2000000_356457_356743_0_1_0_0_0:27:0_3:41:0_420c,356779,A,17
chr1:1000000-2000000_356746_356311_1_0_0_0_1:41:0_5:26:0_12622,356779,A,18
chr1:1000000-2000000_360574_360905_0_1_0_0_1:24:0_3:21:0_42e,360664,C,23
chr1:1000000-2000000_360915_360565_1_0_0_0_0:20:0_5:24:0_37cd,360664,C,21
chr1:1000000-2000000_360539_360839_0_1_0_0_0:33:0_2:26:0_145f5,360664,C,20
chr1:1000000-2000000_360631_360901_0_1_0_0_2:26:0_3:26:0_15fe1,360664,C,19
chr1:1000000-2000000_360558_360928_0_1_0_0_3:27:0_1:21:0_5b84,360664,C,18
chr1:1000000-2000000_376613_376288_1_0_0_0_2:27:0_4:25:0_178ad,376418,C,18
chr1:1000000-2000000_376300_376625_0_1_0_0_0:25:0_0:29:0_1025e,376418,C,22
chr1:1000000-2000000_376318_376778_0_1_0_0_1:28:0_2:28:0_17cdb,376418,G,22
chr1:1000000-2000000_376302_375975_1_0_0_0_1:26:0_2:29:0_8c3a,376418,G,16
chr1:1000000-2000000_376316_375972_1_0_0_0_0:28:0_7:28:0_12a4e,376418,C,19
chr1:1000000-2000000_376687_376307_1_0_0_0_3:28:0_2:26:0_8c97,376418,C,17
chr1:1000000-2000000_376328_376026_1_0_0_0_0:26:0_3:23:0_9cdf,376418,C,22
chr1:1000000-2000000_376349_376710_0_1_0_0_3:26:0_3:30:0_9f64,376418,C,21
chr1:1000000-2000000_376315_376631_0_1_0_0_2:29:0_3:29:0_74be,376418,C,18
chr1:1000000-2000000_376346_375990_1_0_0_0_1:27:0_2:26:0_125a1,376418,C,18
chr1:1000000-2000000_376354_376621_0_1_0_0_2:27:0_1:30:0_f01,376418,C,20
chr1:1000000-2000000_376738_376405_1_0_0_0_0:31:0_2:30:0_16de4,376418,C,17
chr1:1000000-2000000_376326_376004_1_0_0_0_1:35:0_2:32:0_37bb,376418,C,23
chr1:1000000-2000000_375969_376371_0_1_0_0_1:31:0_3:36:0_d2c1,376418,C,17
chr1:1000000-2000000_376392_376118_1_0_0_0_2:36:0_5:23:0_124b3,376418,C,20
chr1:1000000-2000000_375874_376319_0_1_0_0_2:38:0_4:35:0_16f01,376418,C,16
chr1:1000000-2000000_375996_376376_0_1_0_0_2:25:0_3:31:0_14f80,376418,C,18
chr1:1000000-2000000_376352_376056_1_0_0_0_1:27:0_2:26:0_1590e,376418,C,23
chr1:1000000-2000000_379434_379093_1_0_0_0_2:29:0_3:28:0_73ea,379202,G,14
chr1:1000000-2000000_378761_379087_0_1_0_0_0:27:0_3:29:0_234d,379202,G,18
chr1:1000000-2000000_378726_379079_0_1_0_0_2:23:0_1:30:0_b68d,379202,G,19
chr1:1000000-2000000_379149_379484_0_1_0_0_0:25:0_1:34:0_9a37,379202,G,22
chr1:1000000-2000000_382723_382394_1_0_0_0_1:27:0_2:28:2_524f,382555,T,17
chr1:1000000-2000000_382056_382302_0_1_0_0_2:29:0_2:36:0_4b7a,382555,T,13
chr1:1000000-2000000_382296_382026_1_0_0_0_0:33:0_3:25:0_d533,382555,T,22
chr1:1000000-2000000_382015_382301_0_1_0_0_1:26:0_2:36:0_ee57,382555,T,20
chr1:1000000-2000000_382303_381954_1_0_0_0_0:35:0_3:24:0_16985,382555,T,20
chr1:1000000-2000000_381937_382293_0_1_0_0_2:23:0_2:32:0_17585,382555,T,18
chr1:1000000-2000000_388388_388019_1_0_0_0_2:27:0_3:16:0_83c3,388163,C,19
chr1:1000000-2000000_388453_388039_1_0_0_0_2:33:0_6:22:0_15a49,388163,C,19
chr1:1000000-2000000_388052_388380_0_1_0_0_2:23:0_5:28:0_26d2,388163,C,21
chr1:1000000-2000000_388059_387660_1_0_0_0_3:22:0_5:21:0_7d2d,388163,C,20
chr1:1000000-2000000_388399_388076_1_0_0_0_1:26:0_4:23:0_c268,388163,C,16
chr1:1000000-2000000_388078_388473_0_1_0_0_2:24:0_3:35:0_b88c,388163,C,20
chr1:1000000-2000000_388101_388488_0_1_0_0_1:26:0_3:34:0_14b7a,388163,C,20
chr1:1000000-2000000_388117_388339_0_1_0_0_3:30:0_4:30:0_18cac,388163,C,23
chr1:1000000-2000000_388090_388384_0_1_0_0_4:26:0_2:30:0_118ec,388163,C,19
chr1:1000000-2000000_397778_398165_0_1_0_0_2:29:0_5:31:0_3087,397888,T,22
chr1:1000000-2000000_398221_397812_1_0_0_0_0:27:0_2:29:0_7301,397888,T,19
chr1:1000000-2000000_397820_398127_0_1_0_0_2:29:0_3:26:0_9669,397888,T,25
chr1:1000000-2000000_398038_397775_1_0_0_0_0:27:0_4:28:0_e169,397888,T,17
chr1:1000000-2000000_398065_397791_1_0_0_0_3:24:0_1:29:0_fe5e,397888,T,17
chr1:1000000-2000000_397850_398164_0_1_0_0_0:26:0_1:32:0_106c4,397888,T,22
chr1:1000000-2000000_397747_398142_0_1_0_0_2:32:0_2:31:0_11a2e,397888,T,20
chr1:1000000-2000000_397428_397835_0_1_0_0_1:31:0_3:26:0_39e7,397888,T,18
chr1:1000000-2000000_397817_397491_1_0_0_0_4:29:0_1:28:0_486c,397888,T,21
chr1:1000000-2000000_397456_397844_0_1_0_0_1:31:0_2:24:0_18648,397888,T,17
chr1:1000000-2000000_398289_398624_0_1_0_0_3:24:0_2:32:0_cdcd,398383,A,18
chr1:1000000-2000000_931475_931119_1_0_0_0_2:36:0_4:28:0_12fac,403458,T,17
chr1:1000000-2000000_403601_403363_1_0_0_0_1:24:0_6:26:0_75e,403458,T,17
chr1:1000000-2000000_414385_414741_0_1_0_0_2:27:0_0:30:0_12991,414851,C,19
chr1:1000000-2000000_414385_414772_0_1_0_0_0:27:0_3:35:0_6de,414851,C,19
chr1:1000000-2000000_418658_418361_1_0_0_0_0:23:0_2:29:0_e4a,418802,C,20
chr1:1000000-2000000_418653_418309_1_0_0_0_0:24:0_2:25:0_1951,418802,C,19
chr1:1000000-2000000_418361_418662_0_1_0_0_2:34:0_1:23:0_13ba,418802,C,17
chr1:1000000-2000000_418668_418300_1_0_0_0_1:23:0_5:27:0_6f03,418802,C,20
chr1:1000000-2000000_418670_419037_0_1_0_0_4:24:0_4:29:0_d3a8,418802,C,20
chr1:1000000-2000000_418673_418373_1_0_0_0_0:23:0_5:34:0_6238,418802,C,23
chr1:1000000-2000000_418708_418388_1_0_0_0_1:27:0_1:35:0_38c8,418802,C,22
chr1:1000000-2000000_418701_419109_0_1_0_0_3:27:0_3:33:0_2e02,418802,C,22
chr1:1000000-2000000_419050_418749_1_0_0_0_0:37:0_0:25:0_11bf3,418802,C,14
chr1:1000000-2000000_418681_418907_0_1_0_0_0:23:0_3:31:0_1e6b,418802,C,18
chr1:1000000-2000000_419033_418743_1_0_0_0_0:35:0_3:28:0_c5e8,418802,C,17
chr1:1000000-2000000_419118_418734_1_0_0_0_1:34:0_2:27:0_106f6,418802,C,19
chr1:1000000-2000000_419150_418751_1_0_0_0_1:23:0_4:23:0_11c93,418802,C,17
chr1:1000000-2000000_418461_418751_0_1_0_0_1:37:0_2:24:0_10036,418802,C,17
chr1:1000000-2000000_418680_418301_1_0_0_0_2:23:0_0:25:0_ff19,418802,C,20
chr1:1000000-2000000_418759_419114_0_1_0_0_0:23:0_4:23:0_7c58,418802,C,20
chr1:1000000-2000000_418769_418384_1_0_0_0_2:24:0_5:26:0_14ea8,418802,C,20
chr1:1000000-2000000_418370_418777_0_1_0_0_3:34:0_1:22:0_7b34,418802,C,18
chr1:1000000-2000000_418781_418406_1_0_0_0_3:22:0_5:34:0_ff1c,418802,C,20
chr1:1000000-2000000_442298_442581_0_1_0_0_1:24:0_4:26:0_1803d,442418,G,20
chr1:1000000-2000000_441988_442316_0_1_0_0_0:26:0_4:27:0_d440,442418,G,17
chr1:1000000-2000000_442691_442351_1_0_0_0_1:35:0_0:23:0_134c0,442418,G,19
chr1:1000000-2000000_442080_442382_0_1_0_0_2:34:0_5:19:0_16638,442418,G,17
chr1:1000000-2000000_442671_442273_1_0_0_0_0:32:0_2:28:0_b4f4,442418,G,17
chr1:1000000-2000000_442519_442281_1_0_0_0_2:19:0_3:27:0_d1ac,442418,G,15
chr1:1000000-2000000_442385_442740_0_1_0_0_2:18:0_0:35:0_1928a,442418,G,20
chr1:1000000-2000000_442786_442362_1_0_0_0_1:34:0_2:24:0_9acb,442418,G,19
chr1:1000000-2000000_442786_442394_1_0_0_0_2:34:0_4:20:0_b42b,442418,G,18
chr1:1000000-2000000_442003_442364_0_1_0_0_1:29:0_4:24:0_125cf,442418,G,17
chr1:1000000-2000000_448746_449121_0_1_0_0_2:34:0_4:32:0_10ff2,449246,C,20
chr1:1000000-2000000_448752_449162_0_1_0_0_0:33:0_1:30:0_1309f,449246,C,17
chr1:1000000-2000000_448757_449115_0_1_0_0_1:32:0_2:32:0_154aa,449246,C,17
chr1:1000000-2000000_448851_449199_0_1_0_0_4:33:0_3:28:0_1673b,449246,C,16
chr1:1000000-2000000_475376_475700_0_1_0_0_0:27:0_2:33:0_7339,475436,G,21
chr1:1000000-2000000_475369_475680_0_1_0_0_1:27:0_2:35:0_126df,475436,G,20
chr1:1000000-2000000_475655_475350_1_0_0_0_2:36:0_4:27:0_17a24,475436,A,17
chr1:1000000-2000000_519507_519086_1_0_0_0_0:27:0_1:27:0_98b1,481142,C,17
chr1:1000000-2000000_519533_519099_1_0_0_0_4:28:0_4:30:0_c3bd,481142,C,20
chr1:1000000-2000000_519490_519104_1_0_0_0_3:33:0_1:29:0_fe3f,481142,C,20
chr1:1000000-2000000_519162_519588_0_1_0_0_3:28:0_4:27:0_15e31,481142,C,20
chr1:1000000-2000000_519165_518737_1_0_0_0_0:24:0_5:35:0_4b83,481142,C,20
chr1:1000000-2000000_481360_481705_0_1_0_0_0:31:0_1:27:0_e86a,481742,A,19
chr1:1000000-2000000_481972_481607_1_0_0_0_1:26:0_6:27:0_566b,481742,A,21
chr1:1000000-2000000_481701_482035_0_1_0_0_2:26:0_0:28:0_7bae,481742,A,20
chr1:1000000-2000000_481634_481983_0_1_0_0_2:27:0_2:24:0_dd2f,481742,A,19
chr1:1000000-2000000_481998_481622_1_0_0_0_0:26:0_0:26:0_efdd,481742,A,17
chr1:1000000-2000000_481938_481642_1_0_0_0_1:33:0_1:25:0_13b56,481742,A,18
chr1:1000000-2000000_482025_481697_1_0_0_0_3:31:0_4:25:0_15476,481742,A,16
chr1:1000000-2000000_481663_481298_1_0_0_0_0:25:0_4:35:0_d922,481742,A,19
chr1:1000000-2000000_481639_481367_1_0_0_0_0:26:0_2:33:0_15a35,481742,A,20
chr1:1000000-2000000_481189_481629_0_1_0_0_3:28:0_4:26:0_17767,481742,A,19
chr1:1000000-2000000_482007_481714_1_0_0_0_1:26:0_4:26:0_10847,481742,A,16
chr1:1000000-2000000_519774_520081_0_1_0_0_1:32:0_2:24:0_11fdb,481742,T,23
chr1:1000000-2000000_519278_519687_0_1_0_0_0:30:0_5:37:0_f96c,481742,T,16
chr1:1000000-2000000_481737_482177_0_1_0_0_1:29:0_3:26:0_152f0,481742,A,19
chr1:1000000-2000000_481431_481739_0_1_0_0_1:29:0_2:29:0_18ad5,481742,A,18
chr1:1000000-2000000_484602_485066_0_1_0_0_0:28:0_4:31:0_a394,484715,G,20
chr1:1000000-2000000_484648_484927_0_1_0_0_2:24:0_3:33:0_b38c,484715,G,21
chr1:1000000-2000000_484905_484611_1_0_0_0_1:36:0_2:30:0_1438c,484715,G,19
chr1:1000000-2000000_484578_484974_0_1_0_0_3:27:0_2:38:0_17a02,484715,G,20
chr1:1000000-2000000_484913_484606_1_0_0_0_0:34:0_2:28:0_18485,484715,G,17
chr1:1000000-2000000_484595_484308_1_0_0_0_2:34:0_4:34:0_bdb5,484715,G,20
chr1:1000000-2000000_484656_484243_1_0_0_0_3:27:0_2:31:0_f60d,484715,G,20
chr1:1000000-2000000_484293_484662_0_1_0_0_2:33:0_2:28:0_97cd,484715,G,16
chr1:1000000-2000000_484366_484665_0_1_0_0_0:27:0_1:23:0_4e92,484715,G,18
chr1:1000000-2000000_485051_484668_1_0_0_0_0:34:0_5:28:0_1159b,484715,G,17
chr1:1000000-2000000_484254_484664_0_1_0_0_4:32:0_3:28:0_1558d,484715,G,17
chr1:1000000-2000000_484677_485003_0_1_0_0_0:23:0_1:36:0_a194,484715,G,16
chr1:1000000-2000000_484678_484307_1_0_0_0_1:29:0_7:35:0_5b2d,484715,G,18
chr1:1000000-2000000_484683_485091_0_1_0_0_3:24:0_2:28:0_11216,484715,G,21
chr1:1000000-2000000_484686_485052_0_1_0_0_1:25:0_2:33:0_16191,484715,G,21
chr1:1000000-2000000_484992_484690_1_0_0_0_2:27:0_1:29:0_f418,484715,G,18
chr1:1000000-2000000_484705_485058_0_1_0_0_1:30:0_4:32:0_12667,484715,G,20
chr1:1000000-2000000_479027_478736_1_0_0_0_3:34:0_4:29:0_15840,517489,T,17
chr1:1000000-2000000_478999_478752_1_0_0_0_0:28:0_2:29:0_ab92,517489,T,18
chr1:1000000-2000000_479151_478756_1_0_0_0_4:33:0_2:27:0_ba8b,517489,T,17
chr1:1000000-2000000_479153_478790_1_0_0_0_1:33:0_2:24:0_1386a,517489,T,17
chr1:1000000-2000000_478770_478426_1_0_0_0_2:29:0_4:32:0_104dc,517489,T,17
chr1:1000000-2000000_478478_478792_0_1_0_0_3:28:0_4:29:0_15491,517489,T,18
chr1:1000000-2000000_478718_478427_1_0_0_0_2:31:0_4:24:0_8900,517489,T,20
chr1:1000000-2000000_523695_523356_1_0_0_0_1:29:0_1:23:0_9a84,523482,C,18
chr1:1000000-2000000_523381_523104_1_0_0_0_0:23:0_0:33:0_10e18,523482,C,20
chr1:1000000-2000000_523727_523406_1_0_0_0_4:26:0_5:22:0_b111,523482,C,16
chr1:1000000-2000000_523812_523448_1_0_0_0_1:24:0_3:23:0_dcc3,523482,C,17
chr1:1000000-2000000_523763_523450_1_0_0_0_4:27:0_1:23:0_14d39,523482,C,20
chr1:1000000-2000000_523161_523471_0_1_0_0_2:33:0_3:24:0_1867,523482,C,19
chr1:1000000-2000000_523133_523469_0_1_0_0_1:32:0_5:24:0_2720,523482,C,14
chr1:1000000-2000000_523469_523094_1_0_0_0_1:24:0_5:34:0_4eeb,523482,C,21
chr1:1000000-2000000_534155_533801_1_0_0_0_2:27:0_3:27:0_f1c2,534278,A,21
chr1:1000000-2000000_534202_533822_1_0_0_0_0:27:0_4:25:0_8899,534278,A,21
chr1:1000000-2000000_534265_533918_1_0_0_0_1:27:0_3:33:0_47a8,534278,A,21
chr1:1000000-2000000_555041_554684_1_0_0_0_1:25:0_1:27:0_4094,554817,C,20
chr1:1000000-2000000_562523_562164_1_0_0_0_2:28:0_3:32:0_e086,562276,C,20
chr1:1000000-2000000_562608_562238_1_0_0_0_2:35:0_3:27:1_1002d,562276,C,20
chr1:1000000-2000000_562483_562188_1_0_0_0_1:29:0_2:31:0_1820b,562276,C,18
chr1:1000000-2000000_561701_562167_0_1_0_0_0:25:0_4:32:0_e493,562276,C,17
chr1:1000000-2000000_562222_561838_1_0_0_0_1:31:1_2:31:0_12120,562276,C,20
chr1:1000000-2000000_562254_561988_1_0_0_0_2:28:1_3:25:0_15de1,562276,C,22
chr1:1000000-2000000_562259_561938_1_0_0_0_2:29:1_3:31:0_168b0,562276,C,22
chr1:1000000-2000000_562579_562259_1_0_0_0_1:36:0_5:25:0_bef7,562276,C,17
chr1:1000000-2000000_562199_562487_0_1_0_0_4:30:0_4:31:0_b29e,562276,C,19
chr1:1000000-2000000_562209_562593_0_1_0_0_4:28:0_1:36:0_cb27,562276,C,21
chr1:1000000-2000000_562242_561797_1_0_0_0_0:26:0_4:36:0_2e48,562276,C,22
chr1:1000000-2000000_561889_562189_0_1_0_0_1:35:0_2:30:0_70b1,562276,C,21
chr1:1000000-2000000_562250_561900_1_0_0_0_0:25:0_3:33:0_9fa4,562276,C,22
chr1:1000000-2000000_562212_561744_1_0_0_0_3:29:0_3:32:0_13027,562276,C,21
chr1:1000000-2000000_561914_562245_0_1_0_0_0:35:0_0:25:0_13982,562276,C,18
chr1:1000000-2000000_561833_562188_0_1_0_0_0:30:0_4:30:0_196e8,562276,C,17
chr1:1000000-2000000_561827_562191_0_1_0_0_0:31:0_4:30:0_da5b,562276,C,18
chr1:1000000-2000000_565042_565445_0_1_0_0_0:38:0_3:29:0_10045,565159,A,22
chr1:1000000-2000000_565072_564796_1_0_0_0_1:33:0_4:25:0_c75c,565159,A,20
chr1:1000000-2000000_564749_565091_0_1_0_0_3:19:0_2:29:0_14e3b,565159,A,17
chr1:1000000-2000000_565018_565383_0_1_0_0_3:39:0_0:32:0_7e46,565159,A,20
chr1:1000000-2000000_571108_571392_0_1_0_0_2:28:0_4:22:0_3762,571413,C,18
chr1:1000000-2000000_571294_571666_0_1_0_0_0:36:0_3:26:0_8921,571413,C,20
chr1:1000000-2000000_571365_571660_0_1_0_0_1:26:0_6:27:0_9c98,571413,C,21
chr1:1000000-2000000_571321_571771_0_1_0_0_2:31:0_0:25:0_aeb9,571413,C,21
chr1:1000000-2000000_571366_571684_0_1_0_0_0:26:0_4:25:0_b554,571413,C,16
chr1:1000000-2000000_650309_649969_1_0_0_0_0:33:0_3:34:0_daf9,571413,C,19
chr1:1000000-2000000_649973_650309_0_1_0_0_2:35:0_4:33:0_f95c,571413,C,20
chr1:1000000-2000000_571381_571673_0_1_0_0_2:22:0_3:24:0_14ab9,571413,C,20
chr1:1000000-2000000_571642_571328_1_0_0_0_2:26:0_2:31:0_19984,571413,C,17
chr1:1000000-2000000_571362_571091_1_0_0_0_1:26:0_2:28:0_1153a,571413,C,21
chr1:1000000-2000000_571311_570953_1_0_0_0_3:36:0_5:27:0_119f7,571413,C,16
chr1:1000000-2000000_571316_570958_1_0_0_0_1:33:0_2:28:0_19733,571413,C,20
chr1:1000000-2000000_571409_571081_1_0_0_0_4:24:0_1:29:0_c11,571413,C,21
chr1:1000000-2000000_571039_571360_0_1_0_0_1:35:0_4:29:0_22d6,571413,C,18
chr1:1000000-2000000_570986_571360_0_1_0_0_0:30:0_0:29:0_117fe,571413,C,17
chr1:1000000-2000000_571308_570947_1_0_0_0_3:36:0_5:30:0_1370f,571413,C,18
chr1:1000000-2000000_570988_571288_0_1_0_0_1:26:0_3:37:0_11021,571413,C,14
chr1:1000000-2000000_571804_572171_0_1_0_0_2:20:0_3:40:1_f6c3,571859,G,20
chr1:1000000-2000000_571321_571771_0_1_0_0_2:31:0_0:25:0_aeb9,571859,G,19
chr1:1000000-2000000_572162_571812_1_0_0_0_0:38:1_1:21:0_b0fa,571859,G,17
chr1:1000000-2000000_571807_572090_0_1_0_0_3:21:0_4:27:0_be44,571859,G,22
chr1:1000000-2000000_571546_571838_0_1_0_0_3:33:0_4:22:0_21e8,571859,G,17
chr1:1000000-2000000_571843_572226_0_1_0_0_2:22:0_3:38:1_17572,571859,G,21
chr1:1000000-2000000_571509_571847_0_1_0_0_2:33:0_0:23:0_11302,571859,G,19
chr1:1000000-2000000_571485_571852_0_1_0_0_2:27:0_2:23:0_13c5a,571859,G,15
chr1:1000000-2000000_578842_579255_0_1_0_0_4:17:0_5:28:0_f95f,578857,G,20
chr1:1000000-2000000_578790_578382_1_0_0_0_3:24:0_2:39:0_8dd8,578857,G,20
chr1:1000000-2000000_578823_579215_0_1_0_0_2:21:0_6:22:0_2fe1,578857,G,19
chr1:1000000-2000000_578732_579055_0_1_0_0_0:30:0_3:25:0_a355,578857,G,22
chr1:1000000-2000000_579203_578817_1_0_0_0_1:24:0_1:23:0_b9d6,578857,G,16
chr1:1000000-2000000_578994_578777_1_0_0_0_1:26:0_2:27:0_14855,578857,G,21
chr1:1000000-2000000_578817_578364_1_0_0_0_2:23:0_3:37:0_bee,578857,G,21
chr1:1000000-2000000_578557_578835_0_1_0_0_3:29:0_0:20:0_6a42,578857,G,18
chr1:1000000-2000000_578795_578372_1_0_0_0_1:23:0_3:37:0_cac2,578857,G,22
chr1:1000000-2000000_578813_578453_1_0_0_0_1:23:0_4:33:0_12ce4,578857,G,19
chr1:1000000-2000000_578802_578462_1_0_0_0_2:24:0_3:33:0_16adc,578857,G,20
chr1:1000000-2000000_579115_578754_1_0_0_0_4:19:0_3:27:0_171f1,578857,G,16
chr1:1000000-2000000_578368_578767_0_1_0_0_1:37:0_2:27:0_77b8,578857,G,16
chr1:1000000-2000000_583926_584252_0_1_0_0_1:28:0_2:23:0_1eab,584005,T,20
chr1:1000000-2000000_584213_583931_1_0_0_0_2:26:0_2:28:0_13e9d,584005,T,21
chr1:1000000-2000000_584287_583933_1_0_0_0_1:18:0_2:34:0_3da4,584005,T,20
chr1:1000000-2000000_583951_584287_0_1_0_0_2:34:0_4:18:0_85ca,584005,T,18
chr1:1000000-2000000_583885_584253_0_1_0_0_2:35:0_1:15:0_12979,584005,T,23
chr1:1000000-2000000_583890_584208_0_1_0_0_3:25:0_4:29:0_15b75,584005,T,20
chr1:1000000-2000000_584271_583955_1_0_0_0_2:27:0_2:34:0_165c7,584005,T,14
chr1:1000000-2000000_583654_583928_0_1_0_0_1:28:0_3:27:0_24fa,584005,T,18
chr1:1000000-2000000_583589_583971_0_1_0_0_6:32:0_3:36:0_61f5,584005,T,17
chr1:1000000-2000000_583976_583681_1_0_0_0_1:35:0_4:31:0_7f5e,584005,T,21
chr1:1000000-2000000_583594_583971_0_1_0_0_1:31:0_2:36:0_e866,584005,T,16
chr1:1000000-2000000_583901_584299_0_1_0_0_3:34:0_1:17:0_df37,584005,T,22
chr1:1000000-2000000_588842_588435_1_0_0_0_3:23:0_1:27:0_7ea8,588509,A,17
chr1:1000000-2000000_588433_588842_0_1_0_0_0:27:0_3:23:0_e5a2,588509,A,20
chr1:1000000-2000000_588418_588856_0_1_0_0_5:26:0_7:22:0_143bf,588509,A,20
chr1:1000000-2000000_588403_588174_1_0_0_0_1:27:0_4:31:0_c16c,588509,A,23
chr1:1000000-2000000_588394_588177_1_0_0_0_2:24:0_5:32:0_8c7b,588509,G,21
chr1:1000000-2000000_588063_588404_0_1_0_0_3:33:0_3:25:0_dd9f,588509,G,17
chr1:1000000-2000000_587995_588438_0_1_0_0_2:33:0_4:28:0_ecff,588509,G,14
chr1:1000000-2000000_588460_588031_1_0_0_0_0:26:0_3:37:0_1e37,588509,G,21
chr1:1000000-2000000_588192_588467_0_1_0_0_1:29:0_2:27:0_aad9,588509,A,17
chr1:1000000-2000000_588487_588252_1_0_0_0_2:26:0_5:24:0_15fd,588509,A,20
chr1:1000000-2000000_588504_588175_1_0_0_0_2:24:0_2:31:0_16c1a,588638,T,20
chr1:1000000-2000000_588621_588937_0_1_0_0_1:25:0_2:23:0_d9ab,588638,T,20
chr1:1000000-2000000_588876_588521_1_0_0_0_0:23:0_6:23:0_e56f,588638,T,18
chr1:1000000-2000000_588897_588574_1_0_0_0_1:23:0_1:27:0_e7ea,588638,T,14
chr1:1000000-2000000_588946_588595_1_0_0_0_0:25:0_8:29:0_11afb,588638,T,20
chr1:1000000-2000000_588862_588550_1_0_0_0_2:21:0_1:26:0_11f9b,588638,T,17
chr1:1000000-2000000_588545_588955_0_1_0_0_2:25:0_4:28:0_14925,588638,T,20
chr1:1000000-2000000_588570_588943_0_1_0_0_0:28:0_2:26:0_18abc,588638,T,21
chr1:1000000-2000000_588848_588558_1_0_0_0_3:23:0_1:27:0_196e9,588638,T,21
chr1:1000000-2000000_588559_588263_1_0_0_0_1:27:0_3:24:0_978c,588638,T,20
chr1:1000000-2000000_588600_588259_1_0_0_0_2:28:0_4:25:0_a436,588638,T,22
chr1:1000000-2000000_588183_588572_0_1_0_0_2:31:0_3:28:0_13411,588638,T,17
chr1:1000000-2000000_588959_588624_1_0_0_0_2:27:0_3:26:0_9c10,588638,T,14
chr1:1000000-2000000_588946_588576_1_0_0_0_0:33:0_3:26:0_cce,588638,T,23
chr1:1000000-2000000_588561_588883_0_1_0_0_1:28:0_1:27:0_187de,588638,T,19
chr1:1000000-2000000_588505_588164_1_0_0_0_1:30:0_3:30:0_25a3,588638,T,20
chr1:1000000-2000000_588571_588203_1_0_0_0_1:27:0_3:33:0_f8ff,588638,T,20
chr1:1000000-2000000_588573_588266_1_0_0_0_3:27:0_3:26:0_fdd1,588638,T,18
chr1:1000000-2000000_588163_588515_0_1_0_0_0:31:0_4:29:0_10304,588638,T,17
chr1:1000000-2000000_588226_588613_0_1_0_0_1:30:0_4:23:0_148ae,588638,T,16
chr1:1000000-2000000_588193_588571_0_1_0_0_1:33:0_5:27:0_16b2e,588638,T,16
chr1:1000000-2000000_588610_588275_1_0_0_0_2:24:0_2:26:0_17dae,588638,T,18
chr1:1000000-2000000_588628_588270_1_0_0_0_0:26:0_2:23:0_11980,588638,T,20
chr1:1000000-2000000_588929_588628_1_0_0_0_2:21:0_2:26:0_bf38,588638,T,17
chr1:1000000-2000000_588888_588632_1_0_0_0_1:24:0_0:25:0_d5c5,588638,T,16
chr1:1000000-2000000_588151_588591_0_1_0_0_2:31:0_2:26:0_ed6c,588638,T,19
chr1:1000000-2000000_594583_594825_0_1_0_0_1:28:0_0:28:0_15dcc,594732,G,18
chr1:1000000-2000000_594232_594586_0_1_0_0_0:20:0_4:27:0_c4b1,594732,G,17
chr1:1000000-2000000_594669_595037_0_1_0_0_1:24:0_5:31:0_dc7b,594732,G,20
chr1:1000000-2000000_594669_595027_0_1_0_0_0:29:0_2:26:0_9001,594732,G,19
chr1:1000000-2000000_595065_594658_1_0_0_0_0:29:0_1:30:0_14d44,594732,G,17
chr1:1000000-2000000_595043_594667_1_0_0_0_1:28:0_1:28:0_15ee8,594732,G,17
chr1:1000000-2000000_595088_594675_1_0_0_0_0:29:0_2:29:0_95c3,594732,G,17
chr1:1000000-2000000_594315_594671_0_1_0_0_1:29:0_5:29:0_155fd,594732,G,17
chr1:1000000-2000000_594696_595100_0_1_0_0_5:30:0_6:31:0_41fb,594732,G,20
chr1:1000000-2000000_605331_605714_0_1_0_0_1:28:0_1:30:0_e6df,605398,G,21
chr1:1000000-2000000_605275_605687_0_1_0_0_1:28:0_4:31:0_12207,605398,G,22
chr1:1000000-2000000_604963_605313_0_1_0_0_0:22:0_1:29:0_2d76,605398,G,19
chr1:1000000-2000000_604854_605276_0_1_0_0_5:26:0_2:27:0_8af1,605398,G,17
chr1:1000000-2000000_605327_604941_1_0_0_0_1:26:0_1:26:0_18a4d,605398,G,20
chr1:1000000-2000000_605347_604980_1_0_0_0_2:26:0_1:23:0_120ed,605398,G,20
chr1:1000000-2000000_611776_612087_0_1_0_0_2:22:0_4:30:0_54cc,611879,T,22
chr1:1000000-2000000_611778_611349_1_0_0_0_0:24:0_2:31:0_2b83,611879,T,23
chr1:1000000-2000000_611753_611441_1_0_0_0_1:23:0_2:27:0_b95b,611879,T,22
chr1:1000000-2000000_611750_611454_1_0_0_0_1:22:0_2:24:0_105e2,611879,T,20
chr1:1000000-2000000_611763_611456_1_0_0_0_0:23:0_4:25:0_13b19,611879,T,20
chr1:1000000-2000000_611749_611400_1_0_0_0_3:24:0_1:41:0_a6b9,611879,T,20
chr1:1000000-2000000_611464_611794_0_1_0_0_3:28:0_3:22:0_170bf,611879,T,19
chr1:1000000-2000000_612162_611807_1_0_0_0_3:29:0_5:22:0_11fe4,611879,T,20
chr1:1000000-2000000_611775_612163_0_1_0_0_3:25:0_4:26:0_d470,611879,T,20
chr1:1000000-2000000_611816_612145_0_1_0_0_1:23:0_1:24:0_ee24,611879,T,21
chr1:1000000-2000000_612122_611818_1_0_0_0_2:24:0_1:25:0_15feb,611879,T,17
chr1:1000000-2000000_611825_611494_1_0_0_0_1:27:0_3:29:0_3a27,611879,T,21
chr1:1000000-2000000_612244_611831_1_0_0_0_0:36:0_6:27:0_3d7a,611879,T,19
chr1:1000000-2000000_611441_611830_0_1_0_0_1:27:0_2:27:0_e2ae,611879,T,17
chr1:1000000-2000000_611839_612140_0_1_0_0_2:26:0_2:27:0_b98e,611879,T,20
chr1:1000000-2000000_612213_611852_1_0_0_0_0:35:0_1:27:0_7a9,611879,T,16
chr1:1000000-2000000_611871_611417_1_0_0_0_1:26:0_5:24:0_201d,611879,T,20
chr1:1000000-2000000_612899_612486_1_0_0_0_0:21:0_5:36:0_164,612983,G,19
chr1:1000000-2000000_613296_612889_1_0_0_0_1:26:0_4:22:0_ce6,612983,G,17
chr1:1000000-2000000_612576_612887_0_1_0_0_1:31:0_1:23:0_1b6d,612983,G,17
chr1:1000000-2000000_612484_612865_0_1_0_0_0:33:0_4:28:0_799a,612983,G,17
chr1:1000000-2000000_612451_612856_0_1_0_0_2:37:0_2:30:0_f83b,612983,G,18
chr1:1000000-2000000_612873_612550_1_0_0_0_1:26:0_0:31:0_eb2d,612983,G,20
chr1:1000000-2000000_612433_612910_0_1_0_0_3:42:0_1:23:0_2eeb,612983,G,15
chr1:1000000-2000000_612918_612551_1_0_0_0_0:23:0_6:32:0_12fa9,612983,G,19
chr1:1000000-2000000_612930_612537_1_0_0_0_2:21:0_3:33:0_16bf9,612983,G,19
chr1:1000000-2000000_612844_613229_0_1_0_0_4:31:0_3:36:0_7b4,612983,G,22
chr1:1000000-2000000_612838_613147_0_1_0_0_3:30:0_0:33:0_35ee,612983,G,21
chr1:1000000-2000000_612916_612597_1_0_0_0_0:25:0_4:30:0_ff4,612983,G,20
chr1:1000000-2000000_612940_613270_0_1_0_0_0:22:0_1:31:0_1b12,612983,G,20
chr1:1000000-2000000_613263_612915_1_0_0_0_0:31:0_3:23:0_13a8d,612983,G,16
chr1:1000000-2000000_612943_613406_0_1_0_0_0:21:0_6:40:0_e7f4,612983,G,22
chr1:1000000-2000000_612949_612663_1_0_0_0_2:26:0_2:33:0_1205b,612983,G,20
chr1:1000000-2000000_613271_612965_1_0_0_0_2:27:0_2:27:0_80df,612983,G,17
chr1:1000000-2000000_617788_618227_0_1_0_0_2:29:0_3:30:0_10dac,617890,G,25
chr1:1000000-2000000_619100_619500_0_1_0_0_1:22:0_1:26:0_2,619177,A,20
chr1:1000000-2000000_619127_619470_0_1_0_0_0:26:0_5:27:0_c1a8,619177,A,20
chr1:1000000-2000000_618825_619123_0_1_0_0_0:28:0_1:27:0_a867,619177,A,17
chr1:1000000-2000000_619458_619121_1_0_0_0_5:29:0_2:27:0_5fde,619177,A,15
chr1:1000000-2000000_624692_625038_0_1_0_0_1:22:0_4:37:0_1108e,624835,A,22
chr1:1000000-2000000_624711_624365_1_0_0_0_1:24:0_2:35:0_d27e,624835,A,20
chr1:1000000-2000000_624728_624379_1_0_0_0_1:23:0_7:38:0_11f1f,624835,A,21
chr1:1000000-2000000_624794_624403_1_0_0_0_1:28:0_5:34:0_18e45,624835,A,19
chr1:1000000-2000000_625074_624766_1_0_0_0_2:32:0_6:26:0_4320,624835,A,17
chr1:1000000-2000000_624815_625187_0_1_0_0_0:26:0_4:28:0_ebef,624835,A,18
chr1:1000000-2000000_624397_624771_0_1_0_0_1:37:0_6:28:0_ab58,624835,A,17
chr1:1000000-2000000_624817_624420_1_0_0_0_2:26:0_3:35:0_eb6d,624835,A,21
chr1:1000000-2000000_625183_624800_1_0_0_0_2:22:0_1:33:0_3d9c,624835,A,19
chr1:1000000-2000000_625091_624800_1_0_0_0_2:29:0_4:33:0_c52b,624835,A,17
chr1:1000000-2000000_625164_624762_1_0_0_0_4:22:0_3:31:0_ded8,624835,A,18
chr1:1000000-2000000_624938_625330_0_1_0_0_0:27:0_5:29:0_f233,625381,G,17
chr1:1000000-2000000_625325_625704_0_1_0_0_2:40:0_4:28:0_98b7,625381,C,20
chr1:1000000-2000000_630802_631216_0_1_0_0_2:19:0_2:23:0_15d56,631263,G,17
chr1:1000000-2000000_631615_631218_1_0_0_0_3:36:0_3:23:0_8468,631263,G,17
chr1:1000000-2000000_631539_631175_1_0_0_0_2:34:0_3:26:0_edcc,631263,G,16
chr1:1000000-2000000_630866_631181_0_1_0_0_3:22:0_2:26:0_30e7,631263,G,16
chr1:1000000-2000000_631189_630763_1_0_0_0_1:24:0_4:17:0_ab96,631263,G,21
chr1:1000000-2000000_630750_631150_0_1_0_0_2:19:0_3:25:0_10c16,631263,G,18
chr1:1000000-2000000_631209_631550_0_1_0_0_3:24:0_3:35:0_915b,631263,G,15
chr1:1000000-2000000_631600_631202_1_0_0_0_0:38:0_2:23:0_af05,631263,G,14
chr1:1000000-2000000_631239_631562_0_1_0_0_2:23:0_1:37:0_4580,631263,G,19
chr1:1000000-2000000_700144_700578_0_1_0_0_2:24:0_1:32:0_190c,633053,T,22
chr1:1000000-2000000_700482_700137_1_0_0_0_1:35:0_1:25:0_830d,633053,A,18
chr1:1000000-2000000_638348_638607_0_1_0_0_1:30:0_3:34:0_7707,638721,G,21
chr1:1000000-2000000_638377_638607_0_1_0_0_3:34:0_5:30:0_f955,638721,G,21
chr1:1000000-2000000_638599_638320_1_0_0_0_4:28:0_5:30:0_10ec7,638721,G,20
chr1:1000000-2000000_666060_665694_1_0_0_0_0:25:0_1:36:0_4b2,665823,A,16
chr1:1000000-2000000_666143_665798_1_0_0_0_2:29:0_1:25:0_ad7,665823,A,21
chr1:1000000-2000000_665796_666104_0_1_0_0_3:26:0_0:26:0_53a5,665823,A,21
chr1:1000000-2000000_665742_666141_0_1_0_0_1:32:0_1:29:0_5559,665823,A,20
chr1:1000000-2000000_665790_666065_0_1_0_0_1:29:0_2:26:0_dbaf,665823,A,16
chr1:1000000-2000000_666218_665801_1_0_0_0_1:32:0_2:24:0_16c6f,665823,A,18
chr1:1000000-2000000_665812_665475_1_0_0_0_1:25:0_6:36:0_1840,665823,A,17
chr1:1000000-2000000_665431_665771_0_1_0_0_0:37:0_3:31:0_246c,665823,A,19
chr1:1000000-2000000_665502_665816_0_1_0_0_0:35:0_5:24:0_5a81,665823,A,17
chr1:1000000-2000000_666098_665822_1_0_0_0_0:28:0_1:28:0_b3e8,665823,A,18
chr1:1000000-2000000_666849_666490_1_0_0_0_2:28:0_4:23:0_1a2d,666564,A,18
chr1:1000000-2000000_666494_666922_0_1_0_0_0:24:0_3:23:0_15434,666564,A,16
chr1:1000000-2000000_666923_666480_1_0_0_0_1:22:0_2:23:0_16665,666564,A,16
chr1:1000000-2000000_666481_666851_0_1_0_0_4:29:0_5:26:0_12af,666564,T,22
chr1:1000000-2000000_666902_666477_1_0_0_0_1:28:0_5:31:0_8d0b,666564,T,17
chr1:1000000-2000000_666829_666421_1_0_0_0_1:26:0_0:30:0_a11a,666564,T,20
chr1:1000000-2000000_666500_666867_0_1_0_0_2:29:0_2:24:0_113fa,666564,T,19
chr1:1000000-2000000_666858_666417_1_0_0_0_3:25:0_3:30:0_13b4a,666564,T,17
chr1:1000000-2000000_666191_666464_0_1_0_0_2:34:0_4:32:0_db54,666564,T,15
chr1:1000000-2000000_666048_666416_0_1_0_0_2:26:0_1:30:0_15b9a,666564,T,20
chr1:1000000-2000000_666513_666794_0_1_0_0_1:25:0_1:29:0_bcdf,666564,A,20
chr1:1000000-2000000_670403_670686_0_1_0_0_1:24:0_5:31:0_1578a,670488,T,21
chr1:1000000-2000000_670411_670740_0_1_0_0_2:24:0_3:30:0_92a7,670488,T,20
chr1:1000000-2000000_670421_670020_1_0_0_0_0:21:0_5:33:1_19f,670488,T,23
chr1:1000000-2000000_670422_670025_1_0_0_0_1:21:0_1:34:1_13f02,670488,T,18
chr1:1000000-2000000_670439_670739_0_1_0_0_1:23:0_4:33:0_a781,670488,T,25
chr1:1000000-2000000_670693_670447_1_0_0_0_1:31:0_1:24:0_14997,670488,T,17
chr1:1000000-2000000_670443_670140_1_0_0_0_2:23:0_4:35:1_136c2,670488,T,20
chr1:1000000-2000000_670471_670833_0_1_0_0_0:26:0_3:29:0_139b0,670488,T,24
chr1:1000000-2000000_670603_670996_0_1_0_0_1:31:0_0:33:0_121ea,671089,T,17
chr1:1000000-2000000_674010_673674_1_0_0_0_0:23:0_4:29:0_17ff1,674080,G,23
chr1:1000000-2000000_673984_674285_0_1_0_0_1:23:0_1:28:0_4c1,674080,G,19
chr1:1000000-2000000_674453_674007_1_0_0_0_3:27:0_3:24:0_290e,674080,G,17
chr1:1000000-2000000_673567_673948_0_1_0_0_0:29:0_3:22:0_b0e,674080,G,18
chr1:1000000-2000000_673973_673600_1_0_0_0_1:24:0_1:24:0_f584,674080,G,20
chr1:1000000-2000000_673648_673994_0_1_0_0_1:26:0_4:22:0_14cde,674080,G,21
chr1:1000000-2000000_673617_673981_0_1_0_0_0:24:0_0:24:0_15de0,674080,G,16
chr1:1000000-2000000_673966_673652_1_0_0_0_1:24:0_2:27:0_177d2,674080,G,20
chr1:1000000-2000000_674021_673685_1_0_0_0_4:24:0_2:31:0_125fa,674080,G,20
chr1:1000000-2000000_674024_673742_1_0_0_0_2:25:0_0:30:0_2f1b,674080,G,20
chr1:1000000-2000000_674050_674405_0_1_0_0_1:25:0_3:22:0_13021,674080,G,20
chr1:1000000-2000000_674334_674003_1_0_0_0_0:25:0_7:22:0_19520,674080,T,18
chr1:1000000-2000000_674039_673744_1_0_0_0_0:26:0_4:30:0_12df3,674080,G,23
chr1:1000000-2000000_673711_674046_0_1_0_0_1:26:0_3:26:0_14b43,674080,G,19
chr1:1000000-2000000_673665_674055_0_1_0_0_0:28:0_4:23:0_18357,674080,G,17
chr1:1000000-2000000_736913_737224_0_1_0_0_3:34:0_2:32:0_d01,674080,A,23
chr1:1000000-2000000_737311_736899_1_0_0_0_1:31:0_2:37:0_38d1,674080,A,17
chr1:1000000-2000000_674068_674328_0_1_0_0_2:24:0_7:27:0_eb06,674080,G,21
chr1:1000000-2000000_679024_679396_0_1_0_0_1:34:0_4:22:0_12758,679515,G,18
chr1:1000000-2000000_679381_678976_1_0_0_0_2:21:0_2:26:0_8f97,679515,G,20
chr1:1000000-2000000_679635_679373_1_0_0_0_0:37:0_3:23:0_cda2,679515,G,19
chr1:1000000-2000000_681391_681691_0_1_0_0_1:25:0_4:27:0_2bbf,681454,C,20
chr1:1000000-2000000_681717_681308_1_0_0_0_1:28:0_3:34:0_109db,681454,C,18
chr1:1000000-2000000_681614_681359_1_0_0_0_1:28:0_2:30:0_15564,681454,C,17
chr1:1000000-2000000_681376_681037_1_0_0_0_1:26:0_2:27:0_832,681454,C,20
chr1:1000000-2000000_681337_680832_1_0_0_0_3:29:0_6:30:0_320c,681454,C,22
chr1:1000000-2000000_681381_681057_1_0_0_0_1:26:0_1:26:0_388a,681454,C,18
chr1:1000000-2000000_681383_681063_1_0_0_0_2:26:0_4:27:0_3f11,681454,C,17
chr1:1000000-2000000_681093_681387_0_1_0_0_3:30:0_1:26:0_9398,681454,C,17
chr1:1000000-2000000_681357_680887_1_0_0_0_1:30:0_1:28:0_f657,681454,C,20
chr1:1000000-2000000_681064_681374_0_1_0_0_3:27:0_2:26:0_15f10,681454,C,17
chr1:1000000-2000000_681403_681807_0_1_0_0_2:27:0_1:31:0_3ee7,681454,C,20
chr1:1000000-2000000_681424_681787_0_1_0_0_2:26:0_4:32:0_4215,681454,C,20
chr1:1000000-2000000_681061_681421_0_1_0_0_1:27:0_2:27:0_7ece,681454,C,17
chr1:1000000-2000000_681306_680958_1_0_0_0_1:35:0_1:25:0_3d93,681454,C,26
chr1:1000000-2000000_681423_681717_0_1_0_0_1:26:0_2:28:0_b808,681454,C,21
chr1:1000000-2000000_687236_686874_1_0_0_0_0:24:0_0:17:0_8f3,687278,A,20
chr1:1000000-2000000_687152_687526_0_1_0_0_0:30:0_4:26:0_a59a,687278,A,20
chr1:1000000-2000000_687563_687167_1_0_0_0_0:24:0_4:30:0_123c0,687278,A,17
chr1:1000000-2000000_687190_687592_0_1_0_0_1:28:0_4:28:0_12973,687278,A,20
chr1:1000000-2000000_686851_687151_0_1_0_0_1:17:0_0:31:0_1615,687278,A,17
chr1:1000000-2000000_687207_686819_1_0_0_0_1:26:0_4:17:0_2382,687278,A,24
chr1:1000000-2000000_686911_687190_0_1_0_0_0:22:0_1:28:0_61ba,687278,A,18
chr1:1000000-2000000_686800_687151_0_1_0_0_1:15:0_0:31:0_acdd,687278,A,16
chr1:1000000-2000000_687131_686790_1_0_0_0_0:28:0_3:16:0_e56d,687278,A,22
chr1:1000000-2000000_687133_686721_1_0_0_0_1:27:0_7:35:0_f7e7,687278,A,24
chr1:1000000-2000000_686819_687154_0_1_0_0_2:17:0_3:30:0_10443,687278,A,18
chr1:1000000-2000000_686769_687180_0_1_0_0_1:23:0_1:31:0_1046e,687278,A,17
chr1:1000000-2000000_687149_686758_1_0_0_0_3:30:0_5:24:0_4f7d,687278,A,22
chr1:1000000-2000000_687712_687242_1_0_0_0_1:31:0_3:26:0_cf45,687278,A,17
chr1:1000000-2000000_686893_687244_0_1_0_0_1:19:0_3:25:0_456b,687278,A,18
chr1:1000000-2000000_702625_703040_0_1_0_0_1:26:0_6:32:0_17a7,702730,C,21
chr1:1000000-2000000_702948_702618_1_0_0_0_2:26:0_2:25:0_66c6,702730,C,17
chr1:1000000-2000000_702636_702858_0_1_0_0_2:28:0_3:31:0_7217,702730,C,22
chr1:1000000-2000000_702625_703028_0_1_0_0_1:26:0_1:29:0_be64,702730,C,20
chr1:1000000-2000000_702636_702972_0_1_0_0_1:28:0_3:27:0_c827,702730,C,23
chr1:1000000-2000000_702656_702987_0_1_0_0_2:31:0_3:29:0_10d9a,702730,C,19
chr1:1000000-2000000_702664_702976_0_1_0_0_0:29:0_1:28:0_16e48,702730,C,19
chr1:1000000-2000000_702677_703047_0_1_0_0_0:27:0_4:33:0_17f24,702730,C,21
chr1:1000000-2000000_702601_702236_1_0_0_0_0:28:0_2:28:0_10222,702730,C,20
chr1:1000000-2000000_702294_702636_0_1_0_0_1:27:0_2:28:0_3bc7,702730,C,18
chr1:1000000-2000000_702993_702691_1_0_0_0_1:31:0_3:30:0_c659,702730,C,17
chr1:1000000-2000000_702298_702662_0_1_0_0_2:29:0_2:30:0_2e12,702730,C,18
chr1:1000000-2000000_641949_642305_0_1_0_0_7:27:0_4:22:0_c5a5,709571,G,16
chr1:1000000-2000000_642335_641912_1_0_0_0_1:24:0_2:24:0_187bb,709571,G,18
chr1:1000000-2000000_709901_709524_1_0_0_0_1:33:0_1:31:0_ccb5,709571,G,17
chr1:1000000-2000000_709884_709489_1_0_0_0_8:38:0_0:36:0_16da5,709571,G,18
chr1:1000000-2000000_709458_708962_1_0_0_0_3:33:0_2:27:0_19177,709571,G,18
chr1:1000000-2000000_646090_646489_0_1_0_0_0:28:0_7:34:1_19728,713329,T,21
chr1:1000000-2000000_646363_646042_1_0_0_0_1:38:0_4:29:0_19787,713329,T,17
chr1:1000000-2000000_713459_713156_1_0_0_0_1:25:0_3:31:0_11d93,713537,T,21
chr1:1000000-2000000_713447_713807_0_1_0_0_2:30:0_0:26:0_12211,713537,T,21
chr1:1000000-2000000_713133_713464_0_1_0_0_2:29:0_1:26:0_15b8f,713537,T,18
chr1:1000000-2000000_713508_713851_0_1_0_0_1:25:1_0:26:0_29bd,713537,T,19
chr1:1000000-2000000_647616_647272_1_0_0_0_0:26:0_3:32:0_157d9,714826,G,19
chr1:1000000-2000000_717728_717348_1_0_0_0_1:19:0_4:33:0_cdd0,717871,A,21
chr1:1000000-2000000_717744_718137_0_1_0_0_3:19:0_2:21:0_9728,717871,A,20
chr1:1000000-2000000_717748_717384_1_0_0_0_0:19:0_3:35:0_8d7,717871,A,21
chr1:1000000-2000000_718143_717771_1_0_0_0_1:21:0_2:25:0_73e2,717871,A,17
chr1:1000000-2000000_718168_717775_1_0_0_0_1:21:0_1:24:0_2c5d,717871,A,17
chr1:1000000-2000000_717833_718243_0_1_0_0_1:27:0_3:22:0_1443a,717871,A,19
chr1:1000000-2000000_721844_721535_1_0_0_0_4:24:0_4:26:0_ea1,721591,G,21
chr1:1000000-2000000_721557_721951_0_1_0_0_0:24:0_5:26:0_4eff,721591,G,19
chr1:1000000-2000000_721878_721537_1_0_0_0_0:28:0_4:26:0_5f1c,721591,G,15
chr1:1000000-2000000_721560_721907_0_1_0_0_2:25:0_0:26:0_6d99,721591,G,20
chr1:1000000-2000000_721221_721560_0_1_0_0_3:24:0_3:25:0_111df,721591,G,19
chr1:1000000-2000000_721580_721290_1_0_0_0_3:24:0_5:29:0_7ed0,721591,G,20
chr1:1000000-2000000_735323_735621_0_1_0_0_2:28:0_3:34:0_319a,735393,T,20
chr1:1000000-2000000_735431_735810_0_1_0_0_1:22:0_3:28:0_12178,735912,A,19
chr1:1000000-2000000_735510_735876_0_1_0_0_5:30:0_3:25:0_18488,735912,A,18
chr1:1000000-2000000_739104_738698_1_0_0_0_2:30:0_2:27:0_3778,738798,C,20
chr1:1000000-2000000_675818_676175_0_1_0_0_0:27:0_3:23:0_1c4e,738798,C,20
chr1:1000000-2000000_675837_676158_0_1_0_0_0:26:0_2:23:0_fd80,738798,C,19
chr1:1000000-2000000_675910_676305_0_1_0_0_1:25:0_5:19:0_1174a,738798,C,20
chr1:1000000-2000000_675843_675517_1_0_0_0_3:26:0_4:24:0_baeb,738798,C,21
chr1:1000000-2000000_675894_675504_1_0_0_0_2:25:0_4:23:0_e92f,738798,C,21
chr1:1000000-2000000_750299_750665_0_1_0_0_1:32:0_3:28:0_bcd5,750801,A,15
chr1:1000000-2000000_750754_750491_1_0_0_0_1:25:0_1:30:0_10095,750801,A,24
chr1:1000000-2000000_751011_750733_1_0_0_0_1:35:0_0:25:0_9e5c,750801,A,17
chr1:1000000-2000000_750729_751010_0_1_0_0_2:24:0_6:35:0_df5c,750801,A,25
chr1:1000000-2000000_750728_750313_1_0_0_0_0:24:0_1:31:0_b85d,750801,A,25
chr1:1000000-2000000_752740_753067_0_1_0_0_1:24:0_2:35:0_f0ba,752788,A,19
chr1:1000000-2000000_752675_753105_0_1_0_0_0:26:0_3:31:0_1995,752788,A,20
chr1:1000000-2000000_753032_752737_1_0_0_0_1:35:0_3:26:0_5ace,752788,A,19
chr1:1000000-2000000_752241_752704_0_1_0_0_4:25:0_7:28:0_14a4,752788,A,17
chr1:1000000-2000000_752712_752434_1_0_0_0_1:27:0_1:35:0_14f0,752788,A,18
chr1:1000000-2000000_752718_752385_1_0_0_0_1:28:0_0:36:0_e862,752788,A,20
chr1:1000000-2000000_752473_752732_0_1_0_0_1:25:0_1:27:0_1682b,752788,A,20
chr1:1000000-2000000_752746_753142_0_1_0_0_0:25:0_5:29:0_181,752788,A,21
chr1:1000000-2000000_753023_752707_1_0_0_0_2:33:0_4:27:0_2c71,752788,A,17
chr1:1000000-2000000_753149_752728_1_0_0_0_2:28:0_7:27:0_580b,752788,A,16
chr1:1000000-2000000_752739_753093_0_1_0_0_0:28:0_1:30:0_b101,752788,A,20
chr1:1000000-2000000_752658_752263_1_0_0_0_2:29:0_2:36:0_484f,752788,A,20
chr1:1000000-2000000_752501_752759_0_1_0_0_2:27:0_1:28:0_9c1c,752788,A,20
chr1:1000000-2000000_752405_752755_0_1_0_0_1:32:0_4:28:0_11940,752788,A,17
chr1:1000000-2000000_755906_755596_1_0_0_0_2:26:0_2:33:0_a133,755732,G,19
chr1:1000000-2000000_764156_764486_0_1_0_0_2:31:0_4:31:0_84c,764545,T,19
chr1:1000000-2000000_764015_764456_0_1_0_0_0:35:0_0:30:0_11716,764545,T,17
chr1:1000000-2000000_765066_765466_0_1_0_0_3:23:0_6:25:0_bce0,765180,C,19
chr1:1000000-2000000_765050_765377_0_1_0_0_1:24:0_3:21:0_edfa,765180,C,19
chr1:1000000-2000000_764735_765073_0_1_0_0_1:19:0_3:23:0_132ac,765180,C,18
chr1:1000000-2000000_765470_765084_1_0_0_0_1:28:0_3:25:1_16a59,765180,T,17
chr1:1000000-2000000_765517_765108_1_0_0_0_2:26:0_5:27:0_1595d,765180,C,15
chr1:1000000-2000000_765088_764674_1_0_0_0_3:23:0_4:24:0_12113,765180,C,17
chr1:1000000-2000000_764739_765093_0_1_0_0_1:19:0_0:25:0_19155,765180,C,17
chr1:1000000-2000000_765521_765123_1_0_0_0_3:26:0_3:24:0_11c5d,765180,C,20
chr1:1000000-2000000_765169_764814_1_0_0_0_0:21:0_6:26:0_e90b,765180,C,20
chr1:1000000-2000000_765476_765130_1_0_0_0_0:25:0_3:24:0_5edc,765180,C,20
chr1:1000000-2000000_765472_765127_1_0_0_0_1:24:0_6:24:0_1219e,765180,C,17
chr1:1000000-2000000_765500_765163_1_0_0_0_1:26:0_2:21:0_14ace,765180,C,18
chr1:1000000-2000000_765129_764755_1_0_0_0_0:24:0_2:21:0_1483c,765180,C,20
chr1:1000000-2000000_765173_764870_1_0_0_0_2:21:0_2:25:0_9f0b,765180,C,21
chr1:1000000-2000000_772597_772169_1_0_0_0_3:27:0_5:33:0_18dac,772247,T,18
chr1:1000000-2000000_772228_772587_0_1_0_0_1:38:0_5:24:0_bc1e,772247,T,23
chr1:1000000-2000000_776556_776954_0_1_0_0_1:27:0_4:27:0_2731,776647,G,22
chr1:1000000-2000000_776971_776580_1_0_0_0_1:29:0_4:29:0_4fa8,776647,G,18
chr1:1000000-2000000_776090_776536_0_1_0_0_1:22:0_7:30:0_3cfc,776647,G,15
chr1:1000000-2000000_776883_776592_1_0_0_0_3:27:0_2:27:0_1706d,776647,G,22
chr1:1000000-2000000_777438_777101_1_0_0_0_1:35:0_2:22:0_fc23,777573,C,21
chr1:1000000-2000000_777203_777520_0_1_0_0_2:24:0_0:33:0_143bc,777573,C,18
chr1:1000000-2000000_777503_777161_1_0_0_0_1:36:0_2:23:0_19b09,777573,C,19
chr1:1000000-2000000_777901_777511_1_0_0_0_1:31:0_1:34:0_4248,777573,C,16
chr1:1000000-2000000_777448_777801_0_1_0_0_1:35:0_5:31:0_888d,777573,C,20
chr1:1000000-2000000_777459_777792_0_1_0_0_1:38:0_2:35:0_9ed5,777573,C,20
chr1:1000000-2000000_777515_777910_0_1_0_0_0:34:0_4:28:0_fb95,777573,C,19
chr1:1000000-2000000_777746_777476_1_0_0_0_0:37:0_5:35:0_12f80,777573,C,19
chr1:1000000-2000000_777127_777489_0_1_0_0_1:28:0_0:36:0_67,777573,C,18
chr1:1000000-2000000_777456_777118_1_0_0_0_1:38:0_2:28:0_11ea5,777573,C,23
chr1:1000000-2000000_781042_780702_1_0_0_0_1:25:0_5:30:0_ee26,781178,G,20
chr1:1000000-2000000_781426_781083_1_0_0_0_1:24:0_3:23:0_4f80,781178,G,16
chr1:1000000-2000000_781069_781440_0_1_0_0_0:25:0_2:23:0_a8ef,781178,G,22
chr1:1000000-2000000_781085_781385_0_1_0_0_1:23:0_5:24:0_bc48,781178,G,19
chr1:1000000-2000000_781079_781382_0_1_0_0_1:23:0_5:23:0_d9be,781178,G,20
chr1:1000000-2000000_780670_781047_0_1_0_0_2:26:0_2:28:0_1c1,781178,G,17
chr1:1000000-2000000_780727_781074_0_1_0_0_3:23:0_3:25:0_b2d,781178,G,16
chr1:1000000-2000000_780675_781049_0_1_0_0_1:26:0_2:27:0_50f8,781178,G,17
chr1:1000000-2000000_780700_781059_0_1_0_0_1:24:0_2:25:0_10a58,781178,G,19
chr1:1000000-2000000_781095_781527_0_1_0_0_0:22:0_2:26:0_190e4,781178,G,19
chr1:1000000-2000000_781451_781096_1_0_0_0_1:25:0_4:23:0_184fb,781178,G,17
chr1:1000000-2000000_781097_781461_0_1_0_0_3:24:0_2:25:0_64ec,781178,G,20
chr1:1000000-2000000_781477_781070_1_0_0_0_3:23:0_4:27:0_c5c0,781178,G,17
chr1:1000000-2000000_781115_781426_0_1_0_0_0:22:0_3:34:0_110f1,781178,G,20
chr1:1000000-2000000_781117_781554_0_1_0_0_0:22:0_0:21:0_1110b,781178,G,21
chr1:1000000-2000000_781467_781110_1_0_0_0_1:25:0_2:27:0_2bc9,781178,G,18
chr1:1000000-2000000_781111_780736_1_0_0_0_4:26:0_1:23:0_c2a4,781178,G,22
chr1:1000000-2000000_781117_781454_0_1_0_0_4:26:0_4:24:0_11fdd,781178,G,22
chr1:1000000-2000000_781550_781142_1_0_0_0_3:27:0_1:30:0_1538f,781178,G,15
chr1:1000000-2000000_781098_781491_0_1_0_0_3:23:0_3:25:0_166a7,781178,G,19
chr1:1000000-2000000_781136_780808_1_0_0_0_0:30:0_2:27:0_7fff,781178,G,21
chr1:1000000-2000000_780660_781084_0_1_0_0_2:39:0_1:23:0_9e44,781178,G,21
chr1:1000000-2000000_781133_780775_1_0_0_0_2:24:0_2:21:0_161aa,781178,G,20
chr1:1000000-2000000_780706_781065_0_1_0_0_0:28:0_1:28:0_1859e,781178,G,15
chr1:1000000-2000000_781619_781165_1_0_0_0_5:20:0_1:21:0_14b32,781178,G,17
chr1:1000000-2000000_780812_781168_0_1_0_0_1:24:0_3:29:0_2a57,781178,G,16
chr1:1000000-2000000_781172_781519_0_1_0_0_0:29:0_3:27:0_790e,781178,G,20
chr1:1000000-2000000_781483_781164_1_0_0_0_2:23:0_3:30:0_a310,781178,G,16
chr1:1000000-2000000_792734_792352_1_0_0_0_1:33:0_1:27:0_3701,792496,G,17
chr1:1000000-2000000_792023_792372_0_1_0_0_1:26:0_1:30:0_dd2e,792496,G,17
chr1:1000000-2000000_800458_800022_1_0_0_0_2:24:0_2:28:0_14d75,800582,G,20
chr1:1000000-2000000_800819_800461_1_0_0_0_1:29:0_1:24:0_5b9e,800582,G,17
chr1:1000000-2000000_800156_800464_0_1_0_0_1:34:0_0:25:0_16d9e,800582,G,17
chr1:1000000-2000000_800067_800475_0_1_0_0_0:31:0_4:26:0_11426,800582,G,18
chr1:1000000-2000000_805523_805875_0_1_0_0_3:25:0_3:26:1_17d1e,805636,G,20
chr1:1000000-2000000_805142_805506_0_1_0_0_1:30:0_2:25:0_14d11,805636,G,19
chr1:1000000-2000000_805154_805506_0_1_0_0_1:28:0_1:25:0_185e7,805636,G,18
chr1:1000000-2000000_810197_810535_0_1_0_0_3:32:0_3:24:0_e2f6,810621,T,19
chr1:1000000-2000000_810952_810563_1_0_0_0_1:26:0_3:33:0_ac7d,810621,G,17
chr1:1000000-2000000_810913_810579_1_0_0_0_1:30:0_1:36:0_b5f,810621,T,17
chr1:1000000-2000000_810581_810161_1_0_0_0_1:35:0_10:29:0_12b6f,810621,T,22
chr1:1000000-2000000_813191_813627_0_1_0_0_3:26:0_2:25:0_1609d,813695,T,15
chr1:1000000-2000000_813383_813639_0_1_0_0_3:29:0_3:24:0_5339,813695,T,19
chr1:1000000-2000000_813644_813293_1_0_0_0_0:22:0_1:28:0_18e35,813695,T,21
chr1:1000000-2000000_813657_813359_1_0_0_0_0:29:0_2:31:0_e94d,813695,T,22
chr1:1000000-2000000_813671_813221_1_0_0_0_1:25:0_5:30:0_10345,813695,T,21
chr1:1000000-2000000_813963_813630_1_0_0_0_1:32:0_4:26:0_cafa,813695,T,17
chr1:1000000-2000000_814121_813689_1_0_0_0_2:26:0_0:31:0_9cc7,813695,T,15
chr1:1000000-2000000_813359_813692_0_1_0_0_1:29:0_2:24:0_b941,813695,T,18
chr1:1000000-2000000_813384_813692_0_1_0_0_0:29:0_4:24:0_18201,813695,T,21
chr1:1000000-2000000_844895_845206_0_1_0_0_0:21:0_4:36:0_1593,844963,T,22
chr1:1000000-2000000_845244_844908_1_0_0_0_2:36:0_0:21:0_9436,844963,T,16
chr1:1000000-2000000_844911_845182_0_1_0_0_0:21:0_2:31:0_2a32,844963,T,21
chr1:1000000-2000000_844915_844549_1_0_0_0_1:21:0_1:36:0_281c,844963,T,20
chr1:1000000-2000000_846666_846275_1_0_0_0_4:26:0_1:27:0_1c47,846336,G,18
chr1:1000000-2000000_848962_848691_1_0_0_0_1:24:0_6:38:0_110c5,848750,A,17
chr1:1000000-2000000_861261_861640_0_1_0_0_0:33:0_4:29:0_11fe5,861723,T,18
chr1:1000000-2000000_861652_861300_1_0_0_0_0:30:0_3:31:0_192e9,861723,T,23
chr1:1000000-2000000_870012_869609_1_0_0_0_1:26:0_2:24:0_d09c,869694,C,17
chr1:1000000-2000000_869937_869580_1_0_0_0_1:26:0_2:24:0_108de,869694,C,16
chr1:1000000-2000000_869630_869973_0_1_0_0_2:29:0_7:26:0_16a12,869694,C,20
chr1:1000000-2000000_897152_896760_1_0_0_0_3:24:0_3:22:0_2b0e,896866,T,17
chr1:1000000-2000000_897103_896752_1_0_0_0_1:21:0_5:21:0_4983,896866,T,17
chr1:1000000-2000000_896755_896404_1_0_0_0_2:22:0_4:31:0_8f71,896866,T,19
chr1:1000000-2000000_896429_896754_0_1_0_0_5:32:0_1:22:0_a649,896866,T,16
chr1:1000000-2000000_897187_896788_1_0_0_0_0:25:0_2:26:0_187ab,896866,T,18
chr1:1000000-2000000_897114_896798_1_0_0_0_0:21:0_2:29:0_d6a9,896866,T,17
chr1:1000000-2000000_896831_896543_1_0_0_0_1:28:0_3:32:0_f43d,896866,G,22
chr1:1000000-2000000_897253_896797_1_0_0_0_1:28:0_8:28:0_9872,896866,T,17
chr1:1000000-2000000_903482_903148_1_0_0_0_1:26:0_4:26:0_10b39,903566,G,22
chr1:1000000-2000000_903859_903444_1_0_0_0_1:41:0_2:24:0_3a3f,903566,G,17
chr1:1000000-2000000_903075_903433_0_1_0_0_3:34:0_2:25:0_11998,903566,G,12
chr1:1000000-2000000_903835_903508_1_0_0_0_2:37:0_2:27:0_c234,903566,G,19
chr1:1000000-2000000_909940_909610_1_0_0_0_2:33:0_4:28:0_1860a,903566,G,16
chr1:1000000-2000000_903557_903245_1_0_0_0_1:27:0_4:27:0_bbe4,903566,G,21
chr1:1000000-2000000_908482_908829_0_1_0_0_1:27:0_0:24:0_f79d,908574,C,21
chr1:1000000-2000000_908912_908495_1_0_0_0_1:25:0_3:27:0_178db,908574,C,22
chr1:1000000-2000000_908463_908184_1_0_0_0_0:31:0_2:31:0_977a,908574,C,20
chr1:1000000-2000000_908448_908042_1_0_0_0_4:33:0_5:32:0_9c77,908574,C,19
chr1:1000000-2000000_908474_908183_1_0_0_0_2:30:0_2:31:0_a650,908574,C,22
chr1:1000000-2000000_908472_908059_1_0_0_0_1:30:0_4:29:0_11fd5,908574,C,17
chr1:1000000-2000000_909007_908528_1_0_0_0_4:30:0_4:21:0_12515,908574,C,17
chr1:1000000-2000000_908528_908280_1_0_0_0_1:21:0_2:37:0_1802e,908574,C,20
chr1:1000000-2000000_908825_908435_1_0_0_0_3:25:0_3:31:0_1659b,908574,C,16
chr1:1000000-2000000_908110_908468_0_1_0_0_0:25:0_4:30:0_27d3,908574,C,18
chr1:1000000-2000000_909009_908545_1_0_0_0_1:29:0_3:22:0_196ab,908574,C,19
chr1:1000000-2000000_918812_919184_0_1_0_0_1:27:0_4:31:0_4049,918939,T,18
chr1:1000000-2000000_918875_918575_1_0_0_0_1:23:0_4:31:0_155ed,918939,T,20
chr1:1000000-2000000_919210_918867_1_0_0_0_1:29:0_3:24:0_15d68,918939,A,17
chr1:1000000-2000000_918927_918506_1_0_0_0_1:24:0_3:32:0_269e,918939,T,20
chr1:1000000-2000000_918850_918527_1_0_0_0_2:25:0_5:31:0_15b31,918939,T,21
chr1:1000000-2000000_927255_927566_0_1_0_0_2:37:0_4:19:0_56c7,927658,T,16
chr1:1000000-2000000_927535_927867_0_1_0_0_0:23:0_7:31:0_4926,927658,T,20
chr1:1000000-2000000_927899_927550_1_0_0_0_0:30:0_1:22:0_1140d,927658,T,20
chr1:1000000-2000000_927554_928021_0_1_0_0_0:21:0_2:32:0_15884,927658,T,22
chr1:1000000-2000000_927254_927538_0_1_0_0_1:37:0_5:24:0_12c6e,927658,T,21
chr1:1000000-2000000_927834_927526_1_0_0_0_2:30:0_2:23:0_13428,927658,T,18
chr1:1000000-2000000_927224_927579_0_1_0_0_2:33:0_0:20:0_3819,927658,T,17
chr1:1000000-2000000_927241_927583_0_1_0_0_0:37:0_1:20:0_1054e,927658,T,18
chr1:1000000-2000000_927586_927299_1_0_0_0_2:20:0_3:28:0_cb8d,927658,T,21
chr1:1000000-2000000_927600_927240_1_0_0_0_1:24:0_3:37:0_14075,927658,T,17
chr1:1000000-2000000_927992_927607_1_0_0_0_0:35:0_4:26:0_4ea5,927658,T,18
chr1:1000000-2000000_927330_927607_0_1_0_0_1:32:0_4:26:0_349,927658,T,21
chr1:1000000-2000000_927615_927893_0_1_0_0_1:29:0_3:29:0_63af,927658,T,18
chr1:1000000-2000000_927647_927287_1_0_0_0_1:31:0_5:31:0_8889,927658,T,20
chr1:1000000-2000000_928318_927863_1_0_0_0_0:19:0_2:28:0_183df,928464,T,22
chr1:1000000-2000000_928353_927931_1_0_0_0_4:24:0_2:27:0_40e2,928464,T,19
chr1:1000000-2000000_928777_928382_1_0_0_0_1:26:0_5:21:0_1379b,928464,T,16
chr1:1000000-2000000_928413_928092_1_0_0_0_3:26:0_4:27:0_113f9,928464,T,19
chr1:1000000-2000000_935388_935657_0_1_0_0_3:30:0_3:35:0_f9c1,935519,G,20
chr1:1000000-2000000_935392_935690_0_1_0_0_3:30:0_4:34:0_13762,935519,G,17
chr1:1000000-2000000_935058_935394_0_1_0_0_1:27:0_2:30:0_6df8,935519,G,18
chr1:1000000-2000000_935391_935061_1_0_0_0_1:30:0_4:27:0_1363e,935519,G,20
chr1:1000000-2000000_935413_935046_1_0_0_0_0:26:0_1:25:0_8dd,935519,G,19
chr1:1000000-2000000_935428_935019_1_0_0_0_1:29:0_2:27:0_623b,935519,G,24
chr1:1000000-2000000_935112_935430_0_1_0_0_0:24:0_8:34:0_9caa,935519,G,17
chr1:1000000-2000000_935473_935201_1_0_0_0_0:29:0_2:22:0_1a25,935519,G,20
chr1:1000000-2000000_935083_935472_0_1_0_0_1:25:0_4:29:0_17579,935519,G,16
chr1:1000000-2000000_935043_935470_0_1_0_0_1:28:0_1:29:0_244a,935519,G,15
chr1:1000000-2000000_935494_935810_0_1_0_0_1:28:0_4:28:0_b0f,935519,G,20
chr1:1000000-2000000_957400_957006_1_0_0_0_3:21:0_1:33:0_f89,957493,G,21
chr1:1000000-2000000_957011_957416_0_1_0_0_2:33:0_2:22:0_46da,957493,G,16
chr1:1000000-2000000_957875_957465_1_0_0_0_0:28:0_4:24:0_1095e,957493,G,17
chr1:1000000-2000000_957477_957786_0_1_0_0_0:25:0_4:25:0_13862,957493,G,21
chr1:1000000-2000000_957164_957465_0_1_0_0_0:28:0_2:24:0_f318,957493,G,18
chr1:1000000-2000000_966567_966960_0_1_0_0_3:25:1_2:21:0_1654f,967097,A,20
chr1:1000000-2000000_966978_967318_0_1_0_0_0:24:0_3:19:0_a2ce,967097,A,20
chr1:1000000-2000000_966988_967370_0_1_0_0_2:25:0_2:27:0_461a,967097,A,22
chr1:1000000-2000000_967044_967378_0_1_0_0_1:26:0_3:29:0_12170,967097,A,20
chr1:1000000-2000000_967335_966976_1_0_0_0_1:21:0_5:23:0_7d78,967097,A,18
chr1:1000000-2000000_967431_967018_1_0_0_0_1:30:0_1:30:0_f299,967097,A,18
chr1:1000000-2000000_966606_966993_0_1_0_0_1:25:0_4:24:0_128a,967097,A,20
chr1:1000000-2000000_966704_967013_0_1_0_0_2:28:0_3:30:0_d628,967097,A,17
chr1:1000000-2000000_966765_967026_0_1_0_0_1:29:0_3:28:0_10491,967097,A,13
chr1:1000000-2000000_966680_967016_0_1_0_0_2:28:0_4:29:0_123d9,967097,A,18
chr1:1000000-2000000_967066_967335_0_1_0_0_1:32:0_6:21:0_1034f,967097,A,24
chr1:1000000-2000000_967317_967068_1_0_0_0_1:19:0_4:32:0_f68c,967097,A,17
chr1:1000000-2000000_970556_970247_1_0_0_0_1:19:0_1:25:0_13d24,970343,T,17
chr1:1000000-2000000_970578_970259_1_0_0_0_1:25:0_3:22:0_a933,970343,T,17
chr1:1000000-2000000_969932_970274_0_1_0_0_3:33:0_2:20:0_9745,970343,T,17
chr1:1000000-2000000_970272_970641_0_1_0_0_4:21:0_1:28:0_b28d,970343,T,20
chr1:1000000-2000000_970721_970312_1_0_0_0_4:27:0_2:29:0_13425,970343,T,16
chr1:1000000-2000000_969876_970310_0_1_0_0_2:36:0_2:29:0_7e1a,970343,T,17
chr1:1000000-2000000_970306_970002_1_0_0_0_0:28:0_0:31:0_12658,970343,T,21
chr1:1000000-2000000_970311_969953_1_0_0_0_1:29:0_5:33:0_157ad,970343,T,19
chr1:1000000-2000000_970596_970337_1_0_0_0_2:24:0_1:26:0_87f9,970343,T,15
chr1:1000000-2000000_982423_982026_1_0_0_0_5:34:0_1:26:0_11fa4,982154,G,17
chr1:1000000-2000000_982375_982046_1_0_0_0_2:26:0_6:28:0_15063,982154,G,17
chr1:1000000-2000000_982080_981641_1_0_0_0_5:30:0_2:27:0_5fd2,982154,G,23
chr1:1000000-2000000_981683_982063_0_1_0_0_0:27:0_0:30:0_7d55,982154,G,17
chr1:1000000-2000000_982050_981717_1_0_0_0_1:28:0_2:32:0_166e3,982154,G,18
chr1:1000000-2000000_982392_982104_1_0_0_0_1:30:0_1:31:0_8850,982154,G,14
chr1:1000000-2000000_981668_982042_0_1_0_0_1:31:0_5:30:0_2bc4,982154,G,19
chr1:1000000-2000000_981718_982095_0_1_0_0_2:31:0_5:33:0_a9d5,982154,G,15
chr1:1000000-2000000_982029_981736_1_0_0_0_1:27:0_3:35:0_c42a,982154,G,23
chr1:1000000-2000000_982140_981858_1_0_0_0_1:31:0_6:31:0_13975,982154,G,20
chr1:1000000-2000000_981822_982152_0_1_0_0_1:33:0_1:31:0_b578,982154,G,17
chr1:1000000-2000000_988072_987779_1_0_0_0_1:25:0_2:25:0_8d9b,988211,A,20
chr1:1000000-2000000_988136_988458_0_1_0_0_1:20:0_3:33:0_730,988211,A,20
chr1:1000000-2000000_988519_988131_1_0_0_0_3:35:0_3:22:0_271d,988211,A,17
chr1:1000000-2000000_988098_988427_0_1_0_0_2:22:0_0:29:0_2ed8,988211,A,21
chr1:1000000-2000000_988116_988434_0_1_0_0_0:23:0_1:29:0_5596,988211,A,19
chr1:1000000-2000000_988120_988500_0_1_0_0_1:23:0_4:36:0_df2c,988211,A,21
chr1:1000000-2000000_988474_988105_1_0_0_0_2:35:0_3:23:0_153aa,988211,A,17
chr1:1000000-2000000_988128_987750_1_0_0_0_2:22:0_2:21:0_49af,988211,A,20
chr1:1000000-2000000_988071_987722_1_0_0_0_2:23:0_2:23:0_7e6c,988211,A,22
chr1:1000000-2000000_988461_988143_1_0_0_0_1:34:0_4:20:0_cd94,988211,A,17
chr1:1000000-2000000_988128_987830_1_0_0_0_0:34:0_2:27:0_bf22,988211,A,19
chr1:1000000-2000000_988528_988154_1_0_0_0_1:37:0_2:21:0_11c27,988211,A,22
chr1:1000000-2000000_988498_988171_1_0_0_0_1:36:0_0:21:0_17b40,988211,A,17
chr1:1000000-2000000_987823_988181_0_1_0_0_2:21:0_3:23:0_69c2,988211,A,17
chr1:1000000-2000000_988181_987784_1_0_0_0_0:23:0_2:19:0_17437,988211,A,20
chr1:1000000-2000000_988208_987892_1_0_0_0_2:29:0_5:25:0_c25e,988211,A,21
