chrom,position,AA,AB,BB
chr1:1000000-2000000,6815,1.0,0.0,0.0
chr1:1000000-2000000,12039,0.80964,0.18032,0.01004
chr1:1000000-2000000,26226,0.935084,0.064916,0.0
chr1:1000000-2000000,27825,0.894302,0.105698,0.0
chr1:1000000-2000000,31245,0.907361,0.092638,1e-06
chr1:1000000-2000000,33327,0.36857,0.477059,0.15437
chr1:1000000-2000000,33660,0.0,1.0,0.0
chr1:1000000-2000000,45562,0.665366,0.300667,0.033966
chr1:1000000-2000000,48051,0.520707,0.401787,0.077507
chr1:1000000-2000000,49406,0.999991,9e-06,0.0
chr1:1000000-2000000,58656,0.998304,0.001696,0.0
chr1:1000000-2000000,66614,0.288047,0.497306,0.214647
chr1:1000000-2000000,69404,0.646577,0.315046,0.038377
chr1:1000000-2000000,72934,0.999985,1.5e-05,0.0
chr1:1000000-2000000,74871,0.999947,5.3e-05,0.0
chr1:1000000-2000000,82628,0.954611,0.045389,0.0
chr1:1000000-2000000,83668,0.999946,5.4e-05,0.0
chr1:1000000-2000000,91162,0.987797,0.012203,0.0
chr1:1000000-2000000,95326,0.999632,0.000368,0.0
chr1:1000000-2000000,97252,0.999989,1.1e-05,0.0
chr1:1000000-2000000,98247,0.997848,0.002152,0.0
chr1:1000000-2000000,101415,0.76685,0.217699,0.01545
chr1:1000000-2000000,105908,0.310695,0.49341,0.195895
chr1:1000000-2000000,107176,0.992531,0.007469,0.0
chr1:1000000-2000000,107474,0.99739,0.00261,0.0
chr1:1000000-2000000,114976,0.73874,0.241519,0.01974
chr1:1000000-2000000,116740,0.769526,0.230184,0.00029
chr1:1000000-2000000,120117,0.999866,0.000134,0.0
chr1:1000000-2000000,130890,0.998277,0.001723,0.0
chr1:1000000-2000000,145052,0.80192,0.18716,0.01092
chr1:1000000-2000000,146317,0.848609,0.145181,0.006209
chr1:1000000-2000000,146414,0.894769,0.105231,0.0
chr1:1000000-2000000,149812,0.469499,0.431402,0.099099
chr1:1000000-2000000,160266,0.999953,4.7e-05,0.0
chr1:1000000-2000000,163033,0.99866,0.00134,0.0
chr1:1000000-2000000,167415,0.999783,0.000217,0.0
chr1:1000000-2000000,167754,0.842908,0.150385,0.006708
chr1:1000000-2000000,170556,0.996538,0.003462,0.0
chr1:1000000-2000000,171340,0.920214,0.079786,1e-06
chr1:1000000-2000000,179452,0.929227,0.070773,0.0
chr1:1000000-2000000,201630,0.0,0.017894,0.982106
chr1:1000000-2000000,208497,0.35629,0.481221,0.16249
chr1:1000000-2000000,219685,0.86338,0.136475,0.000144
chr1:1000000-2000000,221232,0.427062,0.452876,0.120062
chr1:1000000-2000000,222956,0.999918,8.2e-05,0.0
chr1:1000000-2000000,225773,0.558339,0.439347,0.002315
chr1:1000000-2000000,229259,0.999998,2e-06,0.0
chr1:1000000-2000000,229975,0.820292,0.170815,0.008892
chr1:1000000-2000000,230284,0.387257,0.470085,0.142657
chr1:1000000-2000000,231149,0.702412,0.271377,0.026212
chr1:1000000-2000000,234054,1.0,0.0,0.0
chr1:1000000-2000000,238969,0.999918,8.2e-05,0.0
chr1:1000000-2000000,240175,0.161456,0.838543,0.0
chr1:1000000-2000000,243963,0.5634,0.374399,0.0622
chr1:1000000-2000000,244099,0.996702,0.003298,0.0
chr1:1000000-2000000,256703,0.663497,0.336464,3.9e-05
chr1:1000000-2000000,256788,0.677149,0.322844,7e-06
chr1:1000000-2000000,258608,0.995419,0.004581,0.0
chr1:1000000-2000000,263627,0.955649,0.044351,0.0
chr1:1000000-2000000,275505,0.996603,0.003397,0.0
chr1:1000000-2000000,277371,0.997701,0.002299,0.0
chr1:1000000-2000000,277747,0.999585,0.000415,0.0
chr1:1000000-2000000,279947,0.675027,0.293147,0.031827
chr1:1000000-2000000,280747,0.516632,0.48099,0.002378
chr1:1000000-2000000,283061,0.650338,0.348669,0.000993
chr1:1000000-2000000,288390,0.997814,0.002186,0.0
chr1:1000000-2000000,291370,0.978172,0.021828,0.0
chr1:1000000-2000000,291477,0.475272,0.428255,0.096472
chr1:1000000-2000000,291705,0.922075,0.077881,4.4e-05
chr1:1000000-2000000,303446,0.0,0.003123,0.996877
chr1:1000000-2000000,307420,0.966676,0.033324,0.0
chr1:1000000-2000000,329964,0.772993,0.212415,0.014593
chr1:1000000-2000000,330777,0.835213,0.157374,0.007413
chr1:1000000-2000000,340036,0.999642,0.000358,0.0
chr1:1000000-2000000,352945,0.417574,0.457251,0.125174
chr1:1000000-2000000,356779,0.999375,0.000625,0.0
chr1:1000000-2000000,360664,0.987962,0.012038,0.0
chr1:1000000-2000000,372529,0.86881,0.126579,0.00461
chr1:1000000-2000000,376418,0.99999,1e-05,0.0
chr1:1000000-2000000,379202,0.483859,0.423481,0.092659
chr1:1000000-2000000,379581,0.280264,0.498271,0.221464
chr1:1000000-2000000,382555,0.982711,0.017289,0.0
chr1:1000000-2000000,388163,0.999244,0.000756,0.0
chr1:1000000-2000000,396923,0.794059,0.194082,0.011859
chr1:1000000-2000000,397888,0.999538,0.000462,0.0
chr1:1000000-2000000,398383,0.529399,0.4684,0.002201
chr1:1000000-2000000,398592,0.894538,0.102525,0.002938
chr1:1000000-2000000,400157,0.2507,0.499999,0.2493
chr1:1000000-2000000,403458,0.956139,0.043861,0.0
chr1:1000000-2000000,414851,0.837678,0.16232,2e-06
chr1:1000000-2000000,418802,0.999993,7e-06,0.0
chr1:1000000-2000000,420652,0.307248,0.494103,0.198648
chr1:1000000-2000000,439899,0.675355,0.29289,0.031755
chr1:1000000-2000000,442418,0.998471,0.001529,0.0
chr1:1000000-2000000,442667,0.662433,0.302934,0.034633
chr1:1000000-2000000,443144,0.506944,0.410112,0.082944
chr1:1000000-2000000,449246,0.915771,0.084229,0.0
chr1:1000000-2000000,471030,0.281642,0.498115,0.220242
chr1:1000000-2000000,475436,0.02905,0.970919,3.1e-05
chr1:1000000-2000000,481142,0.987196,0.012804,0.0
chr1:1000000-2000000,481742,0.999838,0.000162,0.0
chr1:1000000-2000000,484715,0.999997,3e-06,0.0
chr1:1000000-2000000,490786,0.731367,0.247666,0.020967
chr1:1000000-2000000,517489,0.997322,0.002678,0.0
chr1:1000000-2000000,523482,0.993759,0.006241,0.0
chr1:1000000-2000000,529904,0.533192,0.394016,0.072792
chr1:1000000-2000000,534278,1e-06,0.714462,0.285537
chr1:1000000-2000000,554817,0.575379,0.423579,0.001043
chr1:1000000-2000000,560087,0.899463,0.097875,0.002663
chr1:1000000-2000000,562276,0.999992,8e-06,0.0
chr1:1000000-2000000,563055,0.769655,0.215289,0.015055
chr1:1000000-2000000,565159,0.94879,0.05121,0.0
chr1:1000000-2000000,571413,0.999993,7e-06,0.0
chr1:1000000-2000000,571859,0.999255,0.000745,0.0
chr1:1000000-2000000,578857,0.999782,0.000218,0.0
chr1:1000000-2000000,580100,0.871982,0.123635,0.004382
chr1:1000000-2000000,584005,0.999765,0.000235,0.0
chr1:1000000-2000000,588509,0.989795,0.010205,0.0
chr1:1000000-2000000,588638,1.0,0.0,0.0
chr1:1000000-2000000,594732,0.99659,0.00341,0.0
chr1:1000000-2000000,605398,0.982572,0.017428,0.0
chr1:1000000-2000000,611879,0.999998,2e-06,0.0
chr1:1000000-2000000,612983,0.999987,1.3e-05,0.0
chr1:1000000-2000000,617890,0.000567,0.511774,0.487659
chr1:1000000-2000000,619177,0.982915,0.017085,0.0
chr1:1000000-2000000,624835,0.999197,0.000803,0.0
chr1:1000000-2000000,625381,0.550386,0.447182,0.002433
chr1:1000000-2000000,631263,0.999372,0.000628,0.0
chr1:1000000-2000000,633053,0.59705,0.402378,0.000572
chr1:1000000-2000000,638721,0.850361,0.149639,0.0
chr1:1000000-2000000,648565,0.342459,0.485482,0.172059
chr1:1000000-2000000,657925,0.771587,0.213627,0.014787
chr1:1000000-2000000,659177,0.812522,0.177756,0.009722
chr1:1000000-2000000,665823,0.998406,0.001594,0.0
chr1:1000000-2000000,666564,8e-06,0.999992,0.0
chr1:1000000-2000000,670488,0.997908,0.002092,0.0
chr1:1000000-2000000,671089,0.848681,0.151139,0.00018
chr1:1000000-2000000,674080,0.117791,0.882203,6e-06
chr1:1000000-2000000,679515,0.948883,0.051117,0.0
chr1:1000000-2000000,681454,0.999939,6.1e-05,0.0
chr1:1000000-2000000,687278,0.999983,1.7e-05,0.0
chr1:1000000-2000000,693385,0.593054,0.354092,0.052854
chr1:1000000-2000000,702730,0.999873,0.000127,0.0
chr1:1000000-2000000,709571,0.992736,0.007264,0.0
chr1:1000000-2000000,713329,0.929638,0.070362,0.0
chr1:1000000-2000000,713537,0.990942,0.009058,0.0
chr1:1000000-2000000,714826,0.753358,0.246303,0.000339
chr1:1000000-2000000,716752,0.355335,0.48153,0.163135
chr1:1000000-2000000,717871,0.984935,0.015065,0.0
chr1:1000000-2000000,721591,0.99636,0.00364,0.0
chr1:1000000-2000000,732053,0.74736,0.23428,0.01836
chr1:1000000-2000000,735393,0.62976,0.369515,0.000725
chr1:1000000-2000000,735912,0.833167,0.16683,3e-06
chr1:1000000-2000000,738798,0.982456,0.017544,0.0
chr1:1000000-2000000,750801,0.382295,0.47201,0.145695
chr1:1000000-2000000,752788,0.0,0.000479,0.999521
chr1:1000000-2000000,755732,0.520981,0.477178,0.001842
chr1:1000000-2000000,764545,0.800351,0.199643,6e-06
chr1:1000000-2000000,765180,0.565486,0.432301,0.002213
chr1:1000000-2000000,772247,0.704036,0.29596,4e-06
chr1:1000000-2000000,776647,0.971091,0.028909,0.0
chr1:1000000-2000000,777573,0.999501,0.000499,0.0
chr1:1000000-2000000,781178,1.0,0.0,0.0
chr1:1000000-2000000,783301,0.745978,0.235445,0.018578
chr1:1000000-2000000,787353,0.277518,0.498564,0.223918
chr1:1000000-2000000,792496,0.757821,0.242165,1.4e-05
chr1:1000000-2000000,795668,0.452929,0.440142,0.106929
chr1:1000000-2000000,800582,0.0,0.296489,0.703511
chr1:1000000-2000000,805636,0.945056,0.054944,0.0
chr1:1000000-2000000,810621,0.572444,0.368313,0.059244
chr1:1000000-2000000,813695,0.998048,0.001952,0.0
chr1:1000000-2000000,830556,0.548785,0.384031,0.067185
chr1:1000000-2000000,844152,0.417316,0.457368,0.125316
chr1:1000000-2000000,844963,0.956632,0.043368,0.0
chr1:1000000-2000000,846336,0.872922,0.12698,9.8e-05
chr1:1000000-2000000,848750,0.821096,0.178644,0.00026
chr1:1000000-2000000,861723,0.79781,0.202188,2e-06
chr1:1000000-2000000,869694,0.974841,0.025159,0.0
chr1:1000000-2000000,874629,0.418868,0.456664,0.124468
chr1:1000000-2000000,883795,0.344569,0.484862,0.170569
chr1:1000000-2000000,888663,0.881721,0.114558,0.003721
chr1:1000000-2000000,896866,0.984365,0.015635,0.0
chr1:1000000-2000000,902593,0.32217,0.49086,0.18697
chr1:1000000-2000000,902932,0.555174,0.379852,0.064974
chr1:1000000-2000000,903566,0.985565,0.014435,0.0
chr1:1000000-2000000,908574,0.999415,0.000585,0.0
chr1:1000000-2000000,911528,0.593208,0.353984,0.052808
chr1:1000000-2000000,918939,0.167763,0.832237,0.0
chr1:1000000-2000000,927658,0.999893,0.000107,0.0
chr1:1000000-2000000,927768,0.35964,0.48012,0.16024
chr1:1000000-2000000,928464,0.981462,0.018538,0.0
chr1:1000000-2000000,935519,0.999592,0.000408,0.0
chr1:1000000-2000000,941436,0.488881,0.420639,0.090481
chr1:1000000-2000000,957493,0.978471,0.021529,0.0
chr1:1000000-2000000,958973,0.42198,0.45524,0.12278
chr1:1000000-2000000,967097,0.999757,0.000243,0.0
chr1:1000000-2000000,970343,0.45468,0.439239,0.10608
chr1:1000000-2000000,982154,0.999141,0.000859,0.0
chr1:1000000-2000000,988211,0.999976,2.4e-05,0.0
chr1:1000000-2000000,988713,0.56145,0.375699,0.06285
